# https://github.com/mikedh/trimesh
v 0.00000000 1.70000000 -0.00000000
v 0.10000000 1.70000000 -0.00000000
v 0.10000000 1.88000000 0.00000000
v 0.00000000 1.88000000 0.00000000
v 0.08660254 1.70000000 -0.05000000
v 0.08660254 1.88000000 -0.05000000
v 0.05000000 1.70000000 -0.08660254
v 0.05000000 1.88000000 -0.08660254
v 0.00000000 1.70000000 -0.10000000
v 0.00000000 1.88000000 -0.10000000
v -0.05000000 1.70000000 -0.08660254
v -0.05000000 1.88000000 -0.08660254
v -0.08660254 1.70000000 -0.05000000
v -0.08660254 1.88000000 -0.05000000
v -0.10000000 1.70000000 -0.00000000
v -0.10000000 1.88000000 -0.00000000
v -0.08660254 1.70000000 0.05000000
v -0.08660254 1.88000000 0.05000000
v -0.05000000 1.70000000 0.08660254
v -0.05000000 1.88000000 0.08660254
v -0.00000000 1.70000000 0.10000000
v -0.00000000 1.88000000 0.10000000
v 0.05000000 1.70000000 0.08660254
v 0.05000000 1.88000000 0.08660254
v 0.08660254 1.70000000 0.05000000
v 0.08660254 1.88000000 0.05000000
v 0.00000000 1.50000000 -0.00000000
v 0.15000000 1.50000000 -0.00000000
v 0.15000000 1.00000000 0.00000000
v 0.00000000 1.00000000 0.00000000
v 0.12990381 1.50000000 0.07500000
v 0.12990381 1.00000000 0.07500000
v 0.07500000 1.50000000 0.12990381
v 0.07500000 1.00000000 0.12990381
v 0.00000000 1.50000000 0.15000000
v 0.00000000 1.00000000 0.15000000
v -0.07500000 1.50000000 0.12990381
v -0.07500000 1.00000000 0.12990381
v -0.12990381 1.50000000 0.07500000
v -0.12990381 1.00000000 0.07500000
v -0.15000000 1.50000000 0.00000000
v -0.15000000 1.00000000 0.00000000
v -0.12990381 1.50000000 -0.07500000
v -0.12990381 1.00000000 -0.07500000
v -0.07500000 1.50000000 -0.12990381
v -0.07500000 1.00000000 -0.12990381
v -0.00000000 1.50000000 -0.15000000
v -0.00000000 1.00000000 -0.15000000
v 0.07500000 1.50000000 -0.12990381
v 0.07500000 1.00000000 -0.12990381
v 0.12990381 1.50000000 -0.07500000
v 0.12990381 1.00000000 -0.07500000
v -0.20000000 1.50000000 -0.00000000
v -0.20000000 1.50000000 0.05000000
v -0.45000000 1.50000000 0.05000000
v -0.45000000 1.50000000 0.00000000
v -0.20000000 1.52500000 0.04330127
v -0.45000000 1.52500000 0.04330127
v -0.20000000 1.54330127 0.02500000
v -0.45000000 1.54330127 0.02500000
v -0.20000000 1.55000000 -0.00000000
v -0.45000000 1.55000000 0.00000000
v -0.20000000 1.54330127 -0.02500000
v -0.45000000 1.54330127 -0.02500000
v -0.20000000 1.52500000 -0.04330127
v -0.45000000 1.52500000 -0.04330127
v -0.20000000 1.50000000 -0.05000000
v -0.45000000 1.50000000 -0.05000000
v -0.20000000 1.47500000 -0.04330127
v -0.45000000 1.47500000 -0.04330127
v -0.20000000 1.45669873 -0.02500000
v -0.45000000 1.45669873 -0.02500000
v -0.20000000 1.45000000 -0.00000000
v -0.45000000 1.45000000 -0.00000000
v -0.20000000 1.45669873 0.02500000
v -0.45000000 1.45669873 0.02500000
v -0.20000000 1.47500000 0.04330127
v -0.45000000 1.47500000 0.04330127
v -0.45000000 1.50000000 -0.00000000
v -0.45000000 1.50000000 0.04000000
v -0.70000000 1.50000000 0.04000000
v -0.70000000 1.50000000 0.00000000
v -0.45000000 1.52000000 0.03464102
v -0.70000000 1.52000000 0.03464102
v -0.45000000 1.53464102 0.02000000
v -0.70000000 1.53464102 0.02000000
v -0.45000000 1.54000000 -0.00000000
v -0.70000000 1.54000000 0.00000000
v -0.45000000 1.53464102 -0.02000000
v -0.70000000 1.53464102 -0.02000000
v -0.45000000 1.52000000 -0.03464102
v -0.70000000 1.52000000 -0.03464102
v -0.45000000 1.50000000 -0.04000000
v -0.70000000 1.50000000 -0.04000000
v -0.45000000 1.48000000 -0.03464102
v -0.70000000 1.48000000 -0.03464102
v -0.45000000 1.46535898 -0.02000000
v -0.70000000 1.46535898 -0.02000000
v -0.45000000 1.46000000 -0.00000000
v -0.70000000 1.46000000 0.00000000
v -0.45000000 1.46535898 0.02000000
v -0.70000000 1.46535898 0.02000000
v -0.45000000 1.48000000 0.03464102
v -0.70000000 1.48000000 0.03464102
v 0.20000000 1.50000000 -0.00000000
v 0.20000000 1.50000000 -0.05000000
v 0.45000000 1.50000000 -0.05000000
v 0.45000000 1.50000000 0.00000000
v 0.20000000 1.52500000 -0.04330127
v 0.45000000 1.52500000 -0.04330127
v 0.20000000 1.54330127 -0.02500000
v 0.45000000 1.54330127 -0.02500000
v 0.20000000 1.55000000 -0.00000000
v 0.45000000 1.55000000 0.00000000
v 0.20000000 1.54330127 0.02500000
v 0.45000000 1.54330127 0.02500000
v 0.20000000 1.52500000 0.04330127
v 0.45000000 1.52500000 0.04330127
v 0.20000000 1.50000000 0.05000000
v 0.45000000 1.50000000 0.05000000
v 0.20000000 1.47500000 0.04330127
v 0.45000000 1.47500000 0.04330127
v 0.20000000 1.45669873 0.02500000
v 0.45000000 1.45669873 0.02500000
v 0.20000000 1.45000000 0.00000000
v 0.45000000 1.45000000 0.00000000
v 0.20000000 1.45669873 -0.02500000
v 0.45000000 1.45669873 -0.02500000
v 0.20000000 1.47500000 -0.04330127
v 0.45000000 1.47500000 -0.04330127
v 0.45000000 1.50000000 -0.00000000
v 0.45000000 1.50000000 -0.04000000
v 0.70000000 1.50000000 -0.04000000
v 0.70000000 1.50000000 0.00000000
v 0.45000000 1.52000000 -0.03464102
v 0.70000000 1.52000000 -0.03464102
v 0.45000000 1.53464102 -0.02000000
v 0.70000000 1.53464102 -0.02000000
v 0.45000000 1.54000000 -0.00000000
v 0.70000000 1.54000000 0.00000000
v 0.45000000 1.53464102 0.02000000
v 0.70000000 1.53464102 0.02000000
v 0.45000000 1.52000000 0.03464102
v 0.70000000 1.52000000 0.03464102
v 0.45000000 1.50000000 0.04000000
v 0.70000000 1.50000000 0.04000000
v 0.45000000 1.48000000 0.03464102
v 0.70000000 1.48000000 0.03464102
v 0.45000000 1.46535898 0.02000000
v 0.70000000 1.46535898 0.02000000
v 0.45000000 1.46000000 -0.00000000
v 0.70000000 1.46000000 0.00000000
v 0.45000000 1.46535898 -0.02000000
v 0.70000000 1.46535898 -0.02000000
v 0.45000000 1.48000000 -0.03464102
v 0.70000000 1.48000000 -0.03464102
v -0.10000000 1.00000000 -0.00000000
v -0.10000000 1.00000000 0.08000000
v -0.50000000 1.00000000 0.08000000
v -0.50000000 1.00000000 0.00000000
v -0.10000000 1.04000000 0.06928203
v -0.50000000 1.04000000 0.06928203
v -0.10000000 1.06928203 0.04000000
v -0.50000000 1.06928203 0.04000000
v -0.10000000 1.08000000 -0.00000000
v -0.50000000 1.08000000 0.00000000
v -0.10000000 1.06928203 -0.04000000
v -0.50000000 1.06928203 -0.04000000
v -0.10000000 1.04000000 -0.06928203
v -0.50000000 1.04000000 -0.06928203
v -0.10000000 1.00000000 -0.08000000
v -0.50000000 1.00000000 -0.08000000
v -0.10000000 0.96000000 -0.06928203
v -0.50000000 0.96000000 -0.06928203
v -0.10000000 0.93071797 -0.04000000
v -0.50000000 0.93071797 -0.04000000
v -0.10000000 0.92000000 -0.00000000
v -0.50000000 0.92000000 -0.00000000
v -0.10000000 0.93071797 0.04000000
v -0.50000000 0.93071797 0.04000000
v -0.10000000 0.96000000 0.06928203
v -0.50000000 0.96000000 0.06928203
v -0.50000000 1.00000000 -0.00000000
v -0.50000000 1.00000000 0.06000000
v -0.90000000 1.00000000 0.06000000
v -0.90000000 1.00000000 0.00000000
v -0.50000000 1.03000000 0.05196152
v -0.90000000 1.03000000 0.05196152
v -0.50000000 1.05196152 0.03000000
v -0.90000000 1.05196152 0.03000000
v -0.50000000 1.06000000 -0.00000000
v -0.90000000 1.06000000 0.00000000
v -0.50000000 1.05196152 -0.03000000
v -0.90000000 1.05196152 -0.03000000
v -0.50000000 1.03000000 -0.05196152
v -0.90000000 1.03000000 -0.05196152
v -0.50000000 1.00000000 -0.06000000
v -0.90000000 1.00000000 -0.06000000
v -0.50000000 0.97000000 -0.05196152
v -0.90000000 0.97000000 -0.05196152
v -0.50000000 0.94803848 -0.03000000
v -0.90000000 0.94803848 -0.03000000
v -0.50000000 0.94000000 -0.00000000
v -0.90000000 0.94000000 0.00000000
v -0.50000000 0.94803848 0.03000000
v -0.90000000 0.94803848 0.03000000
v -0.50000000 0.97000000 0.05196152
v -0.90000000 0.97000000 0.05196152
v 0.10000000 1.00000000 -0.00000000
v 0.10000000 1.00000000 -0.08000000
v 0.50000000 1.00000000 -0.08000000
v 0.50000000 1.00000000 0.00000000
v 0.10000000 1.04000000 -0.06928203
v 0.50000000 1.04000000 -0.06928203
v 0.10000000 1.06928203 -0.04000000
v 0.50000000 1.06928203 -0.04000000
v 0.10000000 1.08000000 -0.00000000
v 0.50000000 1.08000000 0.00000000
v 0.10000000 1.06928203 0.04000000
v 0.50000000 1.06928203 0.04000000
v 0.10000000 1.04000000 0.06928203
v 0.50000000 1.04000000 0.06928203
v 0.10000000 1.00000000 0.08000000
v 0.50000000 1.00000000 0.08000000
v 0.10000000 0.96000000 0.06928203
v 0.50000000 0.96000000 0.06928203
v 0.10000000 0.93071797 0.04000000
v 0.50000000 0.93071797 0.04000000
v 0.10000000 0.92000000 0.00000000
v 0.50000000 0.92000000 0.00000000
v 0.10000000 0.93071797 -0.04000000
v 0.50000000 0.93071797 -0.04000000
v 0.10000000 0.96000000 -0.06928203
v 0.50000000 0.96000000 -0.06928203
v 0.50000000 1.00000000 -0.00000000
v 0.50000000 1.00000000 -0.06000000
v 0.90000000 1.00000000 -0.06000000
v 0.90000000 1.00000000 0.00000000
v 0.50000000 1.03000000 -0.05196152
v 0.90000000 1.03000000 -0.05196152
v 0.50000000 1.05196152 -0.03000000
v 0.90000000 1.05196152 -0.03000000
v 0.50000000 1.06000000 -0.00000000
v 0.90000000 1.06000000 0.00000000
v 0.50000000 1.05196152 0.03000000
v 0.90000000 1.05196152 0.03000000
v 0.50000000 1.03000000 0.05196152
v 0.90000000 1.03000000 0.05196152
v 0.50000000 1.00000000 0.06000000
v 0.90000000 1.00000000 0.06000000
v 0.50000000 0.97000000 0.05196152
v 0.90000000 0.97000000 0.05196152
v 0.50000000 0.94803848 0.03000000
v 0.90000000 0.94803848 0.03000000
v 0.50000000 0.94000000 -0.00000000
v 0.90000000 0.94000000 0.00000000
v 0.50000000 0.94803848 -0.03000000
v 0.90000000 0.94803848 -0.03000000
v 0.50000000 0.97000000 -0.05196152
v 0.90000000 0.97000000 -0.05196152
v -0.23154387 1.55103905 0.00000000
v -0.16845613 1.55103905 0.00000000
v -0.23154387 1.44896095 0.00000000
v -0.16845613 1.44896095 0.00000000
v -0.20000000 1.46845613 0.05103905
v -0.20000000 1.53154387 0.05103905
v -0.20000000 1.46845613 -0.05103905
v -0.20000000 1.53154387 -0.05103905
v -0.14896095 1.50000000 -0.03154387
v -0.14896095 1.50000000 0.03154387
v -0.25103905 1.50000000 -0.03154387
v -0.25103905 1.50000000 0.03154387
v -0.20000000 1.56000000 0.00000000
v -0.20000000 1.44000000 0.00000000
v -0.21854102 1.45145898 0.03000000
v -0.18145898 1.45145898 0.03000000
v -0.21854102 1.54854102 0.03000000
v -0.18145898 1.54854102 0.03000000
v -0.20000000 1.50000000 0.06000000
v -0.21854102 1.45145898 -0.03000000
v -0.18145898 1.45145898 -0.03000000
v -0.21854102 1.54854102 -0.03000000
v -0.18145898 1.54854102 -0.03000000
v -0.20000000 1.50000000 -0.06000000
v -0.15145898 1.53000000 -0.01854102
v -0.15145898 1.47000000 -0.01854102
v -0.17000000 1.48145898 -0.04854102
v -0.17000000 1.51854102 -0.04854102
v -0.15145898 1.53000000 0.01854102
v -0.15145898 1.47000000 0.01854102
v -0.17000000 1.48145898 0.04854102
v -0.17000000 1.51854102 0.04854102
v -0.14000000 1.50000000 0.00000000
v -0.24854102 1.53000000 -0.01854102
v -0.24854102 1.47000000 -0.01854102
v -0.23000000 1.48145898 -0.04854102
v -0.23000000 1.51854102 -0.04854102
v -0.24854102 1.53000000 0.01854102
v -0.24854102 1.47000000 0.01854102
v -0.23000000 1.48145898 0.04854102
v -0.23000000 1.51854102 0.04854102
v -0.26000000 1.50000000 0.00000000
v -0.21639599 1.55771630 0.00000000
v -0.18360401 1.55771630 0.00000000
v -0.21639599 1.44228370 0.00000000
v -0.18360401 1.44228370 0.00000000
v -0.22603331 1.44823989 0.01559351
v -0.20963732 1.45837317 0.04212279
v -0.20974759 1.44293661 0.01577193
v -0.17396669 1.44823989 0.01559351
v -0.19036268 1.45837317 0.04212279
v -0.19025241 1.44293661 0.01577193
v -0.20000000 1.44896095 0.03154387
v -0.22603331 1.55176011 0.01559351
v -0.20963732 1.54162683 0.04212279
v -0.20974759 1.55706339 0.01577193
v -0.17396669 1.55176011 0.01559351
v -0.19036268 1.54162683 0.04212279
v -0.19025241 1.55706339 0.01577193
v -0.20000000 1.55103905 0.03154387
v -0.20000000 1.48360401 0.05771630
v -0.20000000 1.51639599 0.05771630
v -0.22603331 1.44823989 -0.01559351
v -0.20963732 1.45837317 -0.04212279
v -0.20974759 1.44293661 -0.01577193
v -0.17396669 1.44823989 -0.01559351
v -0.19036268 1.45837317 -0.04212279
v -0.19025241 1.44293661 -0.01577193
v -0.20000000 1.44896095 -0.03154387
v -0.22603331 1.55176011 -0.01559351
v -0.20963732 1.54162683 -0.04212279
v -0.20974759 1.55706339 -0.01577193
v -0.17396669 1.55176011 -0.01559351
v -0.19036268 1.54162683 -0.04212279
v -0.19025241 1.55706339 -0.01577193
v -0.20000000 1.55103905 -0.03154387
v -0.20000000 1.48360401 -0.05771630
v -0.20000000 1.51639599 -0.05771630
v -0.15837317 1.54212279 -0.00963732
v -0.14823989 1.51559351 -0.02603331
v -0.16473288 1.54129146 -0.02551952
v -0.15837317 1.45787721 -0.00963732
v -0.14823989 1.48440649 -0.02603331
v -0.16473288 1.45870854 -0.02551952
v -0.18440649 1.47396669 -0.05176011
v -0.15787721 1.49036268 -0.04162683
v -0.17448048 1.46473288 -0.04129146
v -0.18422807 1.49025241 -0.05706339
v -0.15870854 1.47448048 -0.03526712
v -0.18440649 1.52603331 -0.05176011
v -0.15787721 1.50963732 -0.04162683
v -0.17448048 1.53526712 -0.04129146
v -0.18422807 1.50974759 -0.05706339
v -0.15870854 1.52551952 -0.03526712
v -0.16845613 1.50000000 -0.05103905
v -0.15837317 1.54212279 0.00963732
v -0.14823989 1.51559351 0.02603331
v -0.16473288 1.54129146 0.02551952
v -0.14896095 1.53154387 0.00000000
v -0.15837317 1.45787721 0.00963732
v -0.14823989 1.48440649 0.02603331
v -0.16473288 1.45870854 0.02551952
v -0.14896095 1.46845613 0.00000000
v -0.18440649 1.47396669 0.05176011
v -0.15787721 1.49036268 0.04162683
v -0.17448048 1.46473288 0.04129146
v -0.18422807 1.49025241 0.05706339
v -0.15870854 1.47448048 0.03526712
v -0.18440649 1.52603331 0.05176011
v -0.15787721 1.50963732 0.04162683
v -0.17448048 1.53526712 0.04129146
v -0.18422807 1.50974759 0.05706339
v -0.15870854 1.52551952 0.03526712
v -0.16845613 1.50000000 0.05103905
v -0.14228370 1.50000000 -0.01639599
v -0.14228370 1.50000000 0.01639599
v -0.14293661 1.51577193 -0.00974759
v -0.14293661 1.48422807 -0.00974759
v -0.14293661 1.51577193 0.00974759
v -0.14293661 1.48422807 0.00974759
v -0.24162683 1.54212279 -0.00963732
v -0.25176011 1.51559351 -0.02603331
v -0.23526712 1.54129146 -0.02551952
v -0.24162683 1.45787721 -0.00963732
v -0.25176011 1.48440649 -0.02603331
v -0.23526712 1.45870854 -0.02551952
v -0.21559351 1.47396669 -0.05176011
v -0.24212279 1.49036268 -0.04162683
v -0.22551952 1.46473288 -0.04129146
v -0.21577193 1.49025241 -0.05706339
v -0.24129146 1.47448048 -0.03526712
v -0.21559351 1.52603331 -0.05176011
v -0.24212279 1.50963732 -0.04162683
v -0.22551952 1.53526712 -0.04129146
v -0.21577193 1.50974759 -0.05706339
v -0.24129146 1.52551952 -0.03526712
v -0.23154387 1.50000000 -0.05103905
v -0.24162683 1.54212279 0.00963732
v -0.25176011 1.51559351 0.02603331
v -0.23526712 1.54129146 0.02551952
v -0.25103905 1.53154387 0.00000000
v -0.24162683 1.45787721 0.00963732
v -0.25176011 1.48440649 0.02603331
v -0.23526712 1.45870854 0.02551952
v -0.25103905 1.46845613 0.00000000
v -0.21559351 1.47396669 0.05176011
v -0.24212279 1.49036268 0.04162683
v -0.22551952 1.46473288 0.04129146
v -0.21577193 1.49025241 0.05706339
v -0.24129146 1.47448048 0.03526712
v -0.21559351 1.52603331 0.05176011
v -0.24212279 1.50963732 0.04162683
v -0.22551952 1.53526712 0.04129146
v -0.21577193 1.50974759 0.05706339
v -0.24129146 1.52551952 0.03526712
v -0.23154387 1.50000000 0.05103905
v -0.25771630 1.50000000 -0.01639599
v -0.25771630 1.50000000 0.01639599
v -0.25706339 1.51577193 -0.00974759
v -0.25706339 1.48422807 -0.00974759
v -0.25706339 1.51577193 0.00974759
v -0.25706339 1.48422807 0.00974759
v 0.16845613 1.55103905 0.00000000
v 0.23154387 1.55103905 0.00000000
v 0.16845613 1.44896095 0.00000000
v 0.23154387 1.44896095 0.00000000
v 0.20000000 1.46845613 0.05103905
v 0.20000000 1.53154387 0.05103905
v 0.20000000 1.46845613 -0.05103905
v 0.20000000 1.53154387 -0.05103905
v 0.25103905 1.50000000 -0.03154387
v 0.25103905 1.50000000 0.03154387
v 0.14896095 1.50000000 -0.03154387
v 0.14896095 1.50000000 0.03154387
v 0.20000000 1.56000000 0.00000000
v 0.20000000 1.44000000 0.00000000
v 0.18145898 1.45145898 0.03000000
v 0.21854102 1.45145898 0.03000000
v 0.18145898 1.54854102 0.03000000
v 0.21854102 1.54854102 0.03000000
v 0.20000000 1.50000000 0.06000000
v 0.18145898 1.45145898 -0.03000000
v 0.21854102 1.45145898 -0.03000000
v 0.18145898 1.54854102 -0.03000000
v 0.21854102 1.54854102 -0.03000000
v 0.20000000 1.50000000 -0.06000000
v 0.24854102 1.53000000 -0.01854102
v 0.24854102 1.47000000 -0.01854102
v 0.23000000 1.48145898 -0.04854102
v 0.23000000 1.51854102 -0.04854102
v 0.24854102 1.53000000 0.01854102
v 0.24854102 1.47000000 0.01854102
v 0.23000000 1.48145898 0.04854102
v 0.23000000 1.51854102 0.04854102
v 0.26000000 1.50000000 0.00000000
v 0.15145898 1.53000000 -0.01854102
v 0.15145898 1.47000000 -0.01854102
v 0.17000000 1.48145898 -0.04854102
v 0.17000000 1.51854102 -0.04854102
v 0.15145898 1.53000000 0.01854102
v 0.15145898 1.47000000 0.01854102
v 0.17000000 1.48145898 0.04854102
v 0.17000000 1.51854102 0.04854102
v 0.14000000 1.50000000 0.00000000
v 0.18360401 1.55771630 0.00000000
v 0.21639599 1.55771630 0.00000000
v 0.18360401 1.44228370 0.00000000
v 0.21639599 1.44228370 0.00000000
v 0.17396669 1.44823989 0.01559351
v 0.19036268 1.45837317 0.04212279
v 0.19025241 1.44293661 0.01577193
v 0.22603331 1.44823989 0.01559351
v 0.20963732 1.45837317 0.04212279
v 0.20974759 1.44293661 0.01577193
v 0.20000000 1.44896095 0.03154387
v 0.17396669 1.55176011 0.01559351
v 0.19036268 1.54162683 0.04212279
v 0.19025241 1.55706339 0.01577193
v 0.22603331 1.55176011 0.01559351
v 0.20963732 1.54162683 0.04212279
v 0.20974759 1.55706339 0.01577193
v 0.20000000 1.55103905 0.03154387
v 0.20000000 1.48360401 0.05771630
v 0.20000000 1.51639599 0.05771630
v 0.17396669 1.44823989 -0.01559351
v 0.19036268 1.45837317 -0.04212279
v 0.19025241 1.44293661 -0.01577193
v 0.22603331 1.44823989 -0.01559351
v 0.20963732 1.45837317 -0.04212279
v 0.20974759 1.44293661 -0.01577193
v 0.20000000 1.44896095 -0.03154387
v 0.17396669 1.55176011 -0.01559351
v 0.19036268 1.54162683 -0.04212279
v 0.19025241 1.55706339 -0.01577193
v 0.22603331 1.55176011 -0.01559351
v 0.20963732 1.54162683 -0.04212279
v 0.20974759 1.55706339 -0.01577193
v 0.20000000 1.55103905 -0.03154387
v 0.20000000 1.48360401 -0.05771630
v 0.20000000 1.51639599 -0.05771630
v 0.24162683 1.54212279 -0.00963732
v 0.25176011 1.51559351 -0.02603331
v 0.23526712 1.54129146 -0.02551952
v 0.24162683 1.45787721 -0.00963732
v 0.25176011 1.48440649 -0.02603331
v 0.23526712 1.45870854 -0.02551952
v 0.21559351 1.47396669 -0.05176011
v 0.24212279 1.49036268 -0.04162683
v 0.22551952 1.46473288 -0.04129146
v 0.21577193 1.49025241 -0.05706339
v 0.24129146 1.47448048 -0.03526712
v 0.21559351 1.52603331 -0.05176011
v 0.24212279 1.50963732 -0.04162683
v 0.22551952 1.53526712 -0.04129146
v 0.21577193 1.50974759 -0.05706339
v 0.24129146 1.52551952 -0.03526712
v 0.23154387 1.50000000 -0.05103905
v 0.24162683 1.54212279 0.00963732
v 0.25176011 1.51559351 0.02603331
v 0.23526712 1.54129146 0.02551952
v 0.25103905 1.53154387 0.00000000
v 0.24162683 1.45787721 0.00963732
v 0.25176011 1.48440649 0.02603331
v 0.23526712 1.45870854 0.02551952
v 0.25103905 1.46845613 0.00000000
v 0.21559351 1.47396669 0.05176011
v 0.24212279 1.49036268 0.04162683
v 0.22551952 1.46473288 0.04129146
v 0.21577193 1.49025241 0.05706339
v 0.24129146 1.47448048 0.03526712
v 0.21559351 1.52603331 0.05176011
v 0.24212279 1.50963732 0.04162683
v 0.22551952 1.53526712 0.04129146
v 0.21577193 1.50974759 0.05706339
v 0.24129146 1.52551952 0.03526712
v 0.23154387 1.50000000 0.05103905
v 0.25771630 1.50000000 -0.01639599
v 0.25771630 1.50000000 0.01639599
v 0.25706339 1.51577193 -0.00974759
v 0.25706339 1.48422807 -0.00974759
v 0.25706339 1.51577193 0.00974759
v 0.25706339 1.48422807 0.00974759
v 0.15837317 1.54212279 -0.00963732
v 0.14823989 1.51559351 -0.02603331
v 0.16473288 1.54129146 -0.02551952
v 0.15837317 1.45787721 -0.00963732
v 0.14823989 1.48440649 -0.02603331
v 0.16473288 1.45870854 -0.02551952
v 0.18440649 1.47396669 -0.05176011
v 0.15787721 1.49036268 -0.04162683
v 0.17448048 1.46473288 -0.04129146
v 0.18422807 1.49025241 -0.05706339
v 0.15870854 1.47448048 -0.03526712
v 0.18440649 1.52603331 -0.05176011
v 0.15787721 1.50963732 -0.04162683
v 0.17448048 1.53526712 -0.04129146
v 0.18422807 1.50974759 -0.05706339
v 0.15870854 1.52551952 -0.03526712
v 0.16845613 1.50000000 -0.05103905
v 0.15837317 1.54212279 0.00963732
v 0.14823989 1.51559351 0.02603331
v 0.16473288 1.54129146 0.02551952
v 0.14896095 1.53154387 0.00000000
v 0.15837317 1.45787721 0.00963732
v 0.14823989 1.48440649 0.02603331
v 0.16473288 1.45870854 0.02551952
v 0.14896095 1.46845613 0.00000000
v 0.18440649 1.47396669 0.05176011
v 0.15787721 1.49036268 0.04162683
v 0.17448048 1.46473288 0.04129146
v 0.18422807 1.49025241 0.05706339
v 0.15870854 1.47448048 0.03526712
v 0.18440649 1.52603331 0.05176011
v 0.15787721 1.50963732 0.04162683
v 0.17448048 1.53526712 0.04129146
v 0.18422807 1.50974759 0.05706339
v 0.15870854 1.52551952 0.03526712
v 0.16845613 1.50000000 0.05103905
v 0.14228370 1.50000000 -0.01639599
v 0.14228370 1.50000000 0.01639599
v 0.14293661 1.51577193 -0.00974759
v 0.14293661 1.48422807 -0.00974759
v 0.14293661 1.51577193 0.00974759
v 0.14293661 1.48422807 0.00974759
v -0.48154387 1.55103905 0.00000000
v -0.41845613 1.55103905 0.00000000
v -0.48154387 1.44896095 0.00000000
v -0.41845613 1.44896095 0.00000000
v -0.45000000 1.46845613 0.05103905
v -0.45000000 1.53154387 0.05103905
v -0.45000000 1.46845613 -0.05103905
v -0.45000000 1.53154387 -0.05103905
v -0.39896095 1.50000000 -0.03154387
v -0.39896095 1.50000000 0.03154387
v -0.50103905 1.50000000 -0.03154387
v -0.50103905 1.50000000 0.03154387
v -0.45000000 1.56000000 0.00000000
v -0.45000000 1.44000000 0.00000000
v -0.46854102 1.45145898 0.03000000
v -0.43145898 1.45145898 0.03000000
v -0.46854102 1.54854102 0.03000000
v -0.43145898 1.54854102 0.03000000
v -0.45000000 1.50000000 0.06000000
v -0.46854102 1.45145898 -0.03000000
v -0.43145898 1.45145898 -0.03000000
v -0.46854102 1.54854102 -0.03000000
v -0.43145898 1.54854102 -0.03000000
v -0.45000000 1.50000000 -0.06000000
v -0.40145898 1.53000000 -0.01854102
v -0.40145898 1.47000000 -0.01854102
v -0.42000000 1.48145898 -0.04854102
v -0.42000000 1.51854102 -0.04854102
v -0.40145898 1.53000000 0.01854102
v -0.40145898 1.47000000 0.01854102
v -0.42000000 1.48145898 0.04854102
v -0.42000000 1.51854102 0.04854102
v -0.39000000 1.50000000 0.00000000
v -0.49854102 1.53000000 -0.01854102
v -0.49854102 1.47000000 -0.01854102
v -0.48000000 1.48145898 -0.04854102
v -0.48000000 1.51854102 -0.04854102
v -0.49854102 1.53000000 0.01854102
v -0.49854102 1.47000000 0.01854102
v -0.48000000 1.48145898 0.04854102
v -0.48000000 1.51854102 0.04854102
v -0.51000000 1.50000000 0.00000000
v -0.46639599 1.55771630 0.00000000
v -0.43360401 1.55771630 0.00000000
v -0.46639599 1.44228370 0.00000000
v -0.43360401 1.44228370 0.00000000
v -0.47603331 1.44823989 0.01559351
v -0.45963732 1.45837317 0.04212279
v -0.45974759 1.44293661 0.01577193
v -0.42396669 1.44823989 0.01559351
v -0.44036268 1.45837317 0.04212279
v -0.44025241 1.44293661 0.01577193
v -0.45000000 1.44896095 0.03154387
v -0.47603331 1.55176011 0.01559351
v -0.45963732 1.54162683 0.04212279
v -0.45974759 1.55706339 0.01577193
v -0.42396669 1.55176011 0.01559351
v -0.44036268 1.54162683 0.04212279
v -0.44025241 1.55706339 0.01577193
v -0.45000000 1.55103905 0.03154387
v -0.45000000 1.48360401 0.05771630
v -0.45000000 1.51639599 0.05771630
v -0.47603331 1.44823989 -0.01559351
v -0.45963732 1.45837317 -0.04212279
v -0.45974759 1.44293661 -0.01577193
v -0.42396669 1.44823989 -0.01559351
v -0.44036268 1.45837317 -0.04212279
v -0.44025241 1.44293661 -0.01577193
v -0.45000000 1.44896095 -0.03154387
v -0.47603331 1.55176011 -0.01559351
v -0.45963732 1.54162683 -0.04212279
v -0.45974759 1.55706339 -0.01577193
v -0.42396669 1.55176011 -0.01559351
v -0.44036268 1.54162683 -0.04212279
v -0.44025241 1.55706339 -0.01577193
v -0.45000000 1.55103905 -0.03154387
v -0.45000000 1.48360401 -0.05771630
v -0.45000000 1.51639599 -0.05771630
v -0.40837317 1.54212279 -0.00963732
v -0.39823989 1.51559351 -0.02603331
v -0.41473288 1.54129146 -0.02551952
v -0.40837317 1.45787721 -0.00963732
v -0.39823989 1.48440649 -0.02603331
v -0.41473288 1.45870854 -0.02551952
v -0.43440649 1.47396669 -0.05176011
v -0.40787721 1.49036268 -0.04162683
v -0.42448048 1.46473288 -0.04129146
v -0.43422807 1.49025241 -0.05706339
v -0.40870854 1.47448048 -0.03526712
v -0.43440649 1.52603331 -0.05176011
v -0.40787721 1.50963732 -0.04162683
v -0.42448048 1.53526712 -0.04129146
v -0.43422807 1.50974759 -0.05706339
v -0.40870854 1.52551952 -0.03526712
v -0.41845613 1.50000000 -0.05103905
v -0.40837317 1.54212279 0.00963732
v -0.39823989 1.51559351 0.02603331
v -0.41473288 1.54129146 0.02551952
v -0.39896095 1.53154387 0.00000000
v -0.40837317 1.45787721 0.00963732
v -0.39823989 1.48440649 0.02603331
v -0.41473288 1.45870854 0.02551952
v -0.39896095 1.46845613 0.00000000
v -0.43440649 1.47396669 0.05176011
v -0.40787721 1.49036268 0.04162683
v -0.42448048 1.46473288 0.04129146
v -0.43422807 1.49025241 0.05706339
v -0.40870854 1.47448048 0.03526712
v -0.43440649 1.52603331 0.05176011
v -0.40787721 1.50963732 0.04162683
v -0.42448048 1.53526712 0.04129146
v -0.43422807 1.50974759 0.05706339
v -0.40870854 1.52551952 0.03526712
v -0.41845613 1.50000000 0.05103905
v -0.39228370 1.50000000 -0.01639599
v -0.39228370 1.50000000 0.01639599
v -0.39293661 1.51577193 -0.00974759
v -0.39293661 1.48422807 -0.00974759
v -0.39293661 1.51577193 0.00974759
v -0.39293661 1.48422807 0.00974759
v -0.49162683 1.54212279 -0.00963732
v -0.50176011 1.51559351 -0.02603331
v -0.48526712 1.54129146 -0.02551952
v -0.49162683 1.45787721 -0.00963732
v -0.50176011 1.48440649 -0.02603331
v -0.48526712 1.45870854 -0.02551952
v -0.46559351 1.47396669 -0.05176011
v -0.49212279 1.49036268 -0.04162683
v -0.47551952 1.46473288 -0.04129146
v -0.46577193 1.49025241 -0.05706339
v -0.49129146 1.47448048 -0.03526712
v -0.46559351 1.52603331 -0.05176011
v -0.49212279 1.50963732 -0.04162683
v -0.47551952 1.53526712 -0.04129146
v -0.46577193 1.50974759 -0.05706339
v -0.49129146 1.52551952 -0.03526712
v -0.48154387 1.50000000 -0.05103905
v -0.49162683 1.54212279 0.00963732
v -0.50176011 1.51559351 0.02603331
v -0.48526712 1.54129146 0.02551952
v -0.50103905 1.53154387 0.00000000
v -0.49162683 1.45787721 0.00963732
v -0.50176011 1.48440649 0.02603331
v -0.48526712 1.45870854 0.02551952
v -0.50103905 1.46845613 0.00000000
v -0.46559351 1.47396669 0.05176011
v -0.49212279 1.49036268 0.04162683
v -0.47551952 1.46473288 0.04129146
v -0.46577193 1.49025241 0.05706339
v -0.49129146 1.47448048 0.03526712
v -0.46559351 1.52603331 0.05176011
v -0.49212279 1.50963732 0.04162683
v -0.47551952 1.53526712 0.04129146
v -0.46577193 1.50974759 0.05706339
v -0.49129146 1.52551952 0.03526712
v -0.48154387 1.50000000 0.05103905
v -0.50771630 1.50000000 -0.01639599
v -0.50771630 1.50000000 0.01639599
v -0.50706339 1.51577193 -0.00974759
v -0.50706339 1.48422807 -0.00974759
v -0.50706339 1.51577193 0.00974759
v -0.50706339 1.48422807 0.00974759
v 0.41845613 1.55103905 0.00000000
v 0.48154387 1.55103905 0.00000000
v 0.41845613 1.44896095 0.00000000
v 0.48154387 1.44896095 0.00000000
v 0.45000000 1.46845613 0.05103905
v 0.45000000 1.53154387 0.05103905
v 0.45000000 1.46845613 -0.05103905
v 0.45000000 1.53154387 -0.05103905
v 0.50103905 1.50000000 -0.03154387
v 0.50103905 1.50000000 0.03154387
v 0.39896095 1.50000000 -0.03154387
v 0.39896095 1.50000000 0.03154387
v 0.45000000 1.56000000 0.00000000
v 0.45000000 1.44000000 0.00000000
v 0.43145898 1.45145898 0.03000000
v 0.46854102 1.45145898 0.03000000
v 0.43145898 1.54854102 0.03000000
v 0.46854102 1.54854102 0.03000000
v 0.45000000 1.50000000 0.06000000
v 0.43145898 1.45145898 -0.03000000
v 0.46854102 1.45145898 -0.03000000
v 0.43145898 1.54854102 -0.03000000
v 0.46854102 1.54854102 -0.03000000
v 0.45000000 1.50000000 -0.06000000
v 0.49854102 1.53000000 -0.01854102
v 0.49854102 1.47000000 -0.01854102
v 0.48000000 1.48145898 -0.04854102
v 0.48000000 1.51854102 -0.04854102
v 0.49854102 1.53000000 0.01854102
v 0.49854102 1.47000000 0.01854102
v 0.48000000 1.48145898 0.04854102
v 0.48000000 1.51854102 0.04854102
v 0.51000000 1.50000000 0.00000000
v 0.40145898 1.53000000 -0.01854102
v 0.40145898 1.47000000 -0.01854102
v 0.42000000 1.48145898 -0.04854102
v 0.42000000 1.51854102 -0.04854102
v 0.40145898 1.53000000 0.01854102
v 0.40145898 1.47000000 0.01854102
v 0.42000000 1.48145898 0.04854102
v 0.42000000 1.51854102 0.04854102
v 0.39000000 1.50000000 0.00000000
v 0.43360401 1.55771630 0.00000000
v 0.46639599 1.55771630 0.00000000
v 0.43360401 1.44228370 0.00000000
v 0.46639599 1.44228370 0.00000000
v 0.42396669 1.44823989 0.01559351
v 0.44036268 1.45837317 0.04212279
v 0.44025241 1.44293661 0.01577193
v 0.47603331 1.44823989 0.01559351
v 0.45963732 1.45837317 0.04212279
v 0.45974759 1.44293661 0.01577193
v 0.45000000 1.44896095 0.03154387
v 0.42396669 1.55176011 0.01559351
v 0.44036268 1.54162683 0.04212279
v 0.44025241 1.55706339 0.01577193
v 0.47603331 1.55176011 0.01559351
v 0.45963732 1.54162683 0.04212279
v 0.45974759 1.55706339 0.01577193
v 0.45000000 1.55103905 0.03154387
v 0.45000000 1.48360401 0.05771630
v 0.45000000 1.51639599 0.05771630
v 0.42396669 1.44823989 -0.01559351
v 0.44036268 1.45837317 -0.04212279
v 0.44025241 1.44293661 -0.01577193
v 0.47603331 1.44823989 -0.01559351
v 0.45963732 1.45837317 -0.04212279
v 0.45974759 1.44293661 -0.01577193
v 0.45000000 1.44896095 -0.03154387
v 0.42396669 1.55176011 -0.01559351
v 0.44036268 1.54162683 -0.04212279
v 0.44025241 1.55706339 -0.01577193
v 0.47603331 1.55176011 -0.01559351
v 0.45963732 1.54162683 -0.04212279
v 0.45974759 1.55706339 -0.01577193
v 0.45000000 1.55103905 -0.03154387
v 0.45000000 1.48360401 -0.05771630
v 0.45000000 1.51639599 -0.05771630
v 0.49162683 1.54212279 -0.00963732
v 0.50176011 1.51559351 -0.02603331
v 0.48526712 1.54129146 -0.02551952
v 0.49162683 1.45787721 -0.00963732
v 0.50176011 1.48440649 -0.02603331
v 0.48526712 1.45870854 -0.02551952
v 0.46559351 1.47396669 -0.05176011
v 0.49212279 1.49036268 -0.04162683
v 0.47551952 1.46473288 -0.04129146
v 0.46577193 1.49025241 -0.05706339
v 0.49129146 1.47448048 -0.03526712
v 0.46559351 1.52603331 -0.05176011
v 0.49212279 1.50963732 -0.04162683
v 0.47551952 1.53526712 -0.04129146
v 0.46577193 1.50974759 -0.05706339
v 0.49129146 1.52551952 -0.03526712
v 0.48154387 1.50000000 -0.05103905
v 0.49162683 1.54212279 0.00963732
v 0.50176011 1.51559351 0.02603331
v 0.48526712 1.54129146 0.02551952
v 0.50103905 1.53154387 0.00000000
v 0.49162683 1.45787721 0.00963732
v 0.50176011 1.48440649 0.02603331
v 0.48526712 1.45870854 0.02551952
v 0.50103905 1.46845613 0.00000000
v 0.46559351 1.47396669 0.05176011
v 0.49212279 1.49036268 0.04162683
v 0.47551952 1.46473288 0.04129146
v 0.46577193 1.49025241 0.05706339
v 0.49129146 1.47448048 0.03526712
v 0.46559351 1.52603331 0.05176011
v 0.49212279 1.50963732 0.04162683
v 0.47551952 1.53526712 0.04129146
v 0.46577193 1.50974759 0.05706339
v 0.49129146 1.52551952 0.03526712
v 0.48154387 1.50000000 0.05103905
v 0.50771630 1.50000000 -0.01639599
v 0.50771630 1.50000000 0.01639599
v 0.50706339 1.51577193 -0.00974759
v 0.50706339 1.48422807 -0.00974759
v 0.50706339 1.51577193 0.00974759
v 0.50706339 1.48422807 0.00974759
v 0.40837317 1.54212279 -0.00963732
v 0.39823989 1.51559351 -0.02603331
v 0.41473288 1.54129146 -0.02551952
v 0.40837317 1.45787721 -0.00963732
v 0.39823989 1.48440649 -0.02603331
v 0.41473288 1.45870854 -0.02551952
v 0.43440649 1.47396669 -0.05176011
v 0.40787721 1.49036268 -0.04162683
v 0.42448048 1.46473288 -0.04129146
v 0.43422807 1.49025241 -0.05706339
v 0.40870854 1.47448048 -0.03526712
v 0.43440649 1.52603331 -0.05176011
v 0.40787721 1.50963732 -0.04162683
v 0.42448048 1.53526712 -0.04129146
v 0.43422807 1.50974759 -0.05706339
v 0.40870854 1.52551952 -0.03526712
v 0.41845613 1.50000000 -0.05103905
v 0.40837317 1.54212279 0.00963732
v 0.39823989 1.51559351 0.02603331
v 0.41473288 1.54129146 0.02551952
v 0.39896095 1.53154387 0.00000000
v 0.40837317 1.45787721 0.00963732
v 0.39823989 1.48440649 0.02603331
v 0.41473288 1.45870854 0.02551952
v 0.39896095 1.46845613 0.00000000
v 0.43440649 1.47396669 0.05176011
v 0.40787721 1.49036268 0.04162683
v 0.42448048 1.46473288 0.04129146
v 0.43422807 1.49025241 0.05706339
v 0.40870854 1.47448048 0.03526712
v 0.43440649 1.52603331 0.05176011
v 0.40787721 1.50963732 0.04162683
v 0.42448048 1.53526712 0.04129146
v 0.43422807 1.50974759 0.05706339
v 0.40870854 1.52551952 0.03526712
v 0.41845613 1.50000000 0.05103905
v 0.39228370 1.50000000 -0.01639599
v 0.39228370 1.50000000 0.01639599
v 0.39293661 1.51577193 -0.00974759
v 0.39293661 1.48422807 -0.00974759
v 0.39293661 1.51577193 0.00974759
v 0.39293661 1.48422807 0.00974759
v -0.13154387 1.05103905 0.00000000
v -0.06845613 1.05103905 0.00000000
v -0.13154387 0.94896095 0.00000000
v -0.06845613 0.94896095 0.00000000
v -0.10000000 0.96845613 0.05103905
v -0.10000000 1.03154387 0.05103905
v -0.10000000 0.96845613 -0.05103905
v -0.10000000 1.03154387 -0.05103905
v -0.04896095 1.00000000 -0.03154387
v -0.04896095 1.00000000 0.03154387
v -0.15103905 1.00000000 -0.03154387
v -0.15103905 1.00000000 0.03154387
v -0.10000000 1.06000000 0.00000000
v -0.10000000 0.94000000 0.00000000
v -0.11854102 0.95145898 0.03000000
v -0.08145898 0.95145898 0.03000000
v -0.11854102 1.04854102 0.03000000
v -0.08145898 1.04854102 0.03000000
v -0.10000000 1.00000000 0.06000000
v -0.11854102 0.95145898 -0.03000000
v -0.08145898 0.95145898 -0.03000000
v -0.11854102 1.04854102 -0.03000000
v -0.08145898 1.04854102 -0.03000000
v -0.10000000 1.00000000 -0.06000000
v -0.05145898 1.03000000 -0.01854102
v -0.05145898 0.97000000 -0.01854102
v -0.07000000 0.98145898 -0.04854102
v -0.07000000 1.01854102 -0.04854102
v -0.05145898 1.03000000 0.01854102
v -0.05145898 0.97000000 0.01854102
v -0.07000000 0.98145898 0.04854102
v -0.07000000 1.01854102 0.04854102
v -0.04000000 1.00000000 0.00000000
v -0.14854102 1.03000000 -0.01854102
v -0.14854102 0.97000000 -0.01854102
v -0.13000000 0.98145898 -0.04854102
v -0.13000000 1.01854102 -0.04854102
v -0.14854102 1.03000000 0.01854102
v -0.14854102 0.97000000 0.01854102
v -0.13000000 0.98145898 0.04854102
v -0.13000000 1.01854102 0.04854102
v -0.16000000 1.00000000 0.00000000
v -0.11639599 1.05771630 0.00000000
v -0.08360401 1.05771630 0.00000000
v -0.11639599 0.94228370 0.00000000
v -0.08360401 0.94228370 0.00000000
v -0.12603331 0.94823989 0.01559351
v -0.10963732 0.95837317 0.04212279
v -0.10974759 0.94293661 0.01577193
v -0.07396669 0.94823989 0.01559351
v -0.09036268 0.95837317 0.04212279
v -0.09025241 0.94293661 0.01577193
v -0.10000000 0.94896095 0.03154387
v -0.12603331 1.05176011 0.01559351
v -0.10963732 1.04162683 0.04212279
v -0.10974759 1.05706339 0.01577193
v -0.07396669 1.05176011 0.01559351
v -0.09036268 1.04162683 0.04212279
v -0.09025241 1.05706339 0.01577193
v -0.10000000 1.05103905 0.03154387
v -0.10000000 0.98360401 0.05771630
v -0.10000000 1.01639599 0.05771630
v -0.12603331 0.94823989 -0.01559351
v -0.10963732 0.95837317 -0.04212279
v -0.10974759 0.94293661 -0.01577193
v -0.07396669 0.94823989 -0.01559351
v -0.09036268 0.95837317 -0.04212279
v -0.09025241 0.94293661 -0.01577193
v -0.10000000 0.94896095 -0.03154387
v -0.12603331 1.05176011 -0.01559351
v -0.10963732 1.04162683 -0.04212279
v -0.10974759 1.05706339 -0.01577193
v -0.07396669 1.05176011 -0.01559351
v -0.09036268 1.04162683 -0.04212279
v -0.09025241 1.05706339 -0.01577193
v -0.10000000 1.05103905 -0.03154387
v -0.10000000 0.98360401 -0.05771630
v -0.10000000 1.01639599 -0.05771630
v -0.05837317 1.04212279 -0.00963732
v -0.04823989 1.01559351 -0.02603331
v -0.06473288 1.04129146 -0.02551952
v -0.05837317 0.95787721 -0.00963732
v -0.04823989 0.98440649 -0.02603331
v -0.06473288 0.95870854 -0.02551952
v -0.08440649 0.97396669 -0.05176011
v -0.05787721 0.99036268 -0.04162683
v -0.07448048 0.96473288 -0.04129146
v -0.08422807 0.99025241 -0.05706339
v -0.05870854 0.97448048 -0.03526712
v -0.08440649 1.02603331 -0.05176011
v -0.05787721 1.00963732 -0.04162683
v -0.07448048 1.03526712 -0.04129146
v -0.08422807 1.00974759 -0.05706339
v -0.05870854 1.02551952 -0.03526712
v -0.06845613 1.00000000 -0.05103905
v -0.05837317 1.04212279 0.00963732
v -0.04823989 1.01559351 0.02603331
v -0.06473288 1.04129146 0.02551952
v -0.04896095 1.03154387 0.00000000
v -0.05837317 0.95787721 0.00963732
v -0.04823989 0.98440649 0.02603331
v -0.06473288 0.95870854 0.02551952
v -0.04896095 0.96845613 0.00000000
v -0.08440649 0.97396669 0.05176011
v -0.05787721 0.99036268 0.04162683
v -0.07448048 0.96473288 0.04129146
v -0.08422807 0.99025241 0.05706339
v -0.05870854 0.97448048 0.03526712
v -0.08440649 1.02603331 0.05176011
v -0.05787721 1.00963732 0.04162683
v -0.07448048 1.03526712 0.04129146
v -0.08422807 1.00974759 0.05706339
v -0.05870854 1.02551952 0.03526712
v -0.06845613 1.00000000 0.05103905
v -0.04228370 1.00000000 -0.01639599
v -0.04228370 1.00000000 0.01639599
v -0.04293661 1.01577193 -0.00974759
v -0.04293661 0.98422807 -0.00974759
v -0.04293661 1.01577193 0.00974759
v -0.04293661 0.98422807 0.00974759
v -0.14162683 1.04212279 -0.00963732
v -0.15176011 1.01559351 -0.02603331
v -0.13526712 1.04129146 -0.02551952
v -0.14162683 0.95787721 -0.00963732
v -0.15176011 0.98440649 -0.02603331
v -0.13526712 0.95870854 -0.02551952
v -0.11559351 0.97396669 -0.05176011
v -0.14212279 0.99036268 -0.04162683
v -0.12551952 0.96473288 -0.04129146
v -0.11577193 0.99025241 -0.05706339
v -0.14129146 0.97448048 -0.03526712
v -0.11559351 1.02603331 -0.05176011
v -0.14212279 1.00963732 -0.04162683
v -0.12551952 1.03526712 -0.04129146
v -0.11577193 1.00974759 -0.05706339
v -0.14129146 1.02551952 -0.03526712
v -0.13154387 1.00000000 -0.05103905
v -0.14162683 1.04212279 0.00963732
v -0.15176011 1.01559351 0.02603331
v -0.13526712 1.04129146 0.02551952
v -0.15103905 1.03154387 0.00000000
v -0.14162683 0.95787721 0.00963732
v -0.15176011 0.98440649 0.02603331
v -0.13526712 0.95870854 0.02551952
v -0.15103905 0.96845613 0.00000000
v -0.11559351 0.97396669 0.05176011
v -0.14212279 0.99036268 0.04162683
v -0.12551952 0.96473288 0.04129146
v -0.11577193 0.99025241 0.05706339
v -0.14129146 0.97448048 0.03526712
v -0.11559351 1.02603331 0.05176011
v -0.14212279 1.00963732 0.04162683
v -0.12551952 1.03526712 0.04129146
v -0.11577193 1.00974759 0.05706339
v -0.14129146 1.02551952 0.03526712
v -0.13154387 1.00000000 0.05103905
v -0.15771630 1.00000000 -0.01639599
v -0.15771630 1.00000000 0.01639599
v -0.15706339 1.01577193 -0.00974759
v -0.15706339 0.98422807 -0.00974759
v -0.15706339 1.01577193 0.00974759
v -0.15706339 0.98422807 0.00974759
v 0.06845613 1.05103905 0.00000000
v 0.13154387 1.05103905 0.00000000
v 0.06845613 0.94896095 0.00000000
v 0.13154387 0.94896095 0.00000000
v 0.10000000 0.96845613 0.05103905
v 0.10000000 1.03154387 0.05103905
v 0.10000000 0.96845613 -0.05103905
v 0.10000000 1.03154387 -0.05103905
v 0.15103905 1.00000000 -0.03154387
v 0.15103905 1.00000000 0.03154387
v 0.04896095 1.00000000 -0.03154387
v 0.04896095 1.00000000 0.03154387
v 0.10000000 1.06000000 0.00000000
v 0.10000000 0.94000000 0.00000000
v 0.08145898 0.95145898 0.03000000
v 0.11854102 0.95145898 0.03000000
v 0.08145898 1.04854102 0.03000000
v 0.11854102 1.04854102 0.03000000
v 0.10000000 1.00000000 0.06000000
v 0.08145898 0.95145898 -0.03000000
v 0.11854102 0.95145898 -0.03000000
v 0.08145898 1.04854102 -0.03000000
v 0.11854102 1.04854102 -0.03000000
v 0.10000000 1.00000000 -0.06000000
v 0.14854102 1.03000000 -0.01854102
v 0.14854102 0.97000000 -0.01854102
v 0.13000000 0.98145898 -0.04854102
v 0.13000000 1.01854102 -0.04854102
v 0.14854102 1.03000000 0.01854102
v 0.14854102 0.97000000 0.01854102
v 0.13000000 0.98145898 0.04854102
v 0.13000000 1.01854102 0.04854102
v 0.16000000 1.00000000 0.00000000
v 0.05145898 1.03000000 -0.01854102
v 0.05145898 0.97000000 -0.01854102
v 0.07000000 0.98145898 -0.04854102
v 0.07000000 1.01854102 -0.04854102
v 0.05145898 1.03000000 0.01854102
v 0.05145898 0.97000000 0.01854102
v 0.07000000 0.98145898 0.04854102
v 0.07000000 1.01854102 0.04854102
v 0.04000000 1.00000000 0.00000000
v 0.08360401 1.05771630 0.00000000
v 0.11639599 1.05771630 0.00000000
v 0.08360401 0.94228370 0.00000000
v 0.11639599 0.94228370 0.00000000
v 0.07396669 0.94823989 0.01559351
v 0.09036268 0.95837317 0.04212279
v 0.09025241 0.94293661 0.01577193
v 0.12603331 0.94823989 0.01559351
v 0.10963732 0.95837317 0.04212279
v 0.10974759 0.94293661 0.01577193
v 0.10000000 0.94896095 0.03154387
v 0.07396669 1.05176011 0.01559351
v 0.09036268 1.04162683 0.04212279
v 0.09025241 1.05706339 0.01577193
v 0.12603331 1.05176011 0.01559351
v 0.10963732 1.04162683 0.04212279
v 0.10974759 1.05706339 0.01577193
v 0.10000000 1.05103905 0.03154387
v 0.10000000 0.98360401 0.05771630
v 0.10000000 1.01639599 0.05771630
v 0.07396669 0.94823989 -0.01559351
v 0.09036268 0.95837317 -0.04212279
v 0.09025241 0.94293661 -0.01577193
v 0.12603331 0.94823989 -0.01559351
v 0.10963732 0.95837317 -0.04212279
v 0.10974759 0.94293661 -0.01577193
v 0.10000000 0.94896095 -0.03154387
v 0.07396669 1.05176011 -0.01559351
v 0.09036268 1.04162683 -0.04212279
v 0.09025241 1.05706339 -0.01577193
v 0.12603331 1.05176011 -0.01559351
v 0.10963732 1.04162683 -0.04212279
v 0.10974759 1.05706339 -0.01577193
v 0.10000000 1.05103905 -0.03154387
v 0.10000000 0.98360401 -0.05771630
v 0.10000000 1.01639599 -0.05771630
v 0.14162683 1.04212279 -0.00963732
v 0.15176011 1.01559351 -0.02603331
v 0.13526712 1.04129146 -0.02551952
v 0.14162683 0.95787721 -0.00963732
v 0.15176011 0.98440649 -0.02603331
v 0.13526712 0.95870854 -0.02551952
v 0.11559351 0.97396669 -0.05176011
v 0.14212279 0.99036268 -0.04162683
v 0.12551952 0.96473288 -0.04129146
v 0.11577193 0.99025241 -0.05706339
v 0.14129146 0.97448048 -0.03526712
v 0.11559351 1.02603331 -0.05176011
v 0.14212279 1.00963732 -0.04162683
v 0.12551952 1.03526712 -0.04129146
v 0.11577193 1.00974759 -0.05706339
v 0.14129146 1.02551952 -0.03526712
v 0.13154387 1.00000000 -0.05103905
v 0.14162683 1.04212279 0.00963732
v 0.15176011 1.01559351 0.02603331
v 0.13526712 1.04129146 0.02551952
v 0.15103905 1.03154387 0.00000000
v 0.14162683 0.95787721 0.00963732
v 0.15176011 0.98440649 0.02603331
v 0.13526712 0.95870854 0.02551952
v 0.15103905 0.96845613 0.00000000
v 0.11559351 0.97396669 0.05176011
v 0.14212279 0.99036268 0.04162683
v 0.12551952 0.96473288 0.04129146
v 0.11577193 0.99025241 0.05706339
v 0.14129146 0.97448048 0.03526712
v 0.11559351 1.02603331 0.05176011
v 0.14212279 1.00963732 0.04162683
v 0.12551952 1.03526712 0.04129146
v 0.11577193 1.00974759 0.05706339
v 0.14129146 1.02551952 0.03526712
v 0.13154387 1.00000000 0.05103905
v 0.15771630 1.00000000 -0.01639599
v 0.15771630 1.00000000 0.01639599
v 0.15706339 1.01577193 -0.00974759
v 0.15706339 0.98422807 -0.00974759
v 0.15706339 1.01577193 0.00974759
v 0.15706339 0.98422807 0.00974759
v 0.05837317 1.04212279 -0.00963732
v 0.04823989 1.01559351 -0.02603331
v 0.06473288 1.04129146 -0.02551952
v 0.05837317 0.95787721 -0.00963732
v 0.04823989 0.98440649 -0.02603331
v 0.06473288 0.95870854 -0.02551952
v 0.08440649 0.97396669 -0.05176011
v 0.05787721 0.99036268 -0.04162683
v 0.07448048 0.96473288 -0.04129146
v 0.08422807 0.99025241 -0.05706339
v 0.05870854 0.97448048 -0.03526712
v 0.08440649 1.02603331 -0.05176011
v 0.05787721 1.00963732 -0.04162683
v 0.07448048 1.03526712 -0.04129146
v 0.08422807 1.00974759 -0.05706339
v 0.05870854 1.02551952 -0.03526712
v 0.06845613 1.00000000 -0.05103905
v 0.05837317 1.04212279 0.00963732
v 0.04823989 1.01559351 0.02603331
v 0.06473288 1.04129146 0.02551952
v 0.04896095 1.03154387 0.00000000
v 0.05837317 0.95787721 0.00963732
v 0.04823989 0.98440649 0.02603331
v 0.06473288 0.95870854 0.02551952
v 0.04896095 0.96845613 0.00000000
v 0.08440649 0.97396669 0.05176011
v 0.05787721 0.99036268 0.04162683
v 0.07448048 0.96473288 0.04129146
v 0.08422807 0.99025241 0.05706339
v 0.05870854 0.97448048 0.03526712
v 0.08440649 1.02603331 0.05176011
v 0.05787721 1.00963732 0.04162683
v 0.07448048 1.03526712 0.04129146
v 0.08422807 1.00974759 0.05706339
v 0.05870854 1.02551952 0.03526712
v 0.06845613 1.00000000 0.05103905
v 0.04228370 1.00000000 -0.01639599
v 0.04228370 1.00000000 0.01639599
v 0.04293661 1.01577193 -0.00974759
v 0.04293661 0.98422807 -0.00974759
v 0.04293661 1.01577193 0.00974759
v 0.04293661 0.98422807 0.00974759
v -0.53154387 1.05103905 0.00000000
v -0.46845613 1.05103905 0.00000000
v -0.53154387 0.94896095 0.00000000
v -0.46845613 0.94896095 0.00000000
v -0.50000000 0.96845613 0.05103905
v -0.50000000 1.03154387 0.05103905
v -0.50000000 0.96845613 -0.05103905
v -0.50000000 1.03154387 -0.05103905
v -0.44896095 1.00000000 -0.03154387
v -0.44896095 1.00000000 0.03154387
v -0.55103905 1.00000000 -0.03154387
v -0.55103905 1.00000000 0.03154387
v -0.50000000 1.06000000 0.00000000
v -0.50000000 0.94000000 0.00000000
v -0.51854102 0.95145898 0.03000000
v -0.48145898 0.95145898 0.03000000
v -0.51854102 1.04854102 0.03000000
v -0.48145898 1.04854102 0.03000000
v -0.50000000 1.00000000 0.06000000
v -0.51854102 0.95145898 -0.03000000
v -0.48145898 0.95145898 -0.03000000
v -0.51854102 1.04854102 -0.03000000
v -0.48145898 1.04854102 -0.03000000
v -0.50000000 1.00000000 -0.06000000
v -0.45145898 1.03000000 -0.01854102
v -0.45145898 0.97000000 -0.01854102
v -0.47000000 0.98145898 -0.04854102
v -0.47000000 1.01854102 -0.04854102
v -0.45145898 1.03000000 0.01854102
v -0.45145898 0.97000000 0.01854102
v -0.47000000 0.98145898 0.04854102
v -0.47000000 1.01854102 0.04854102
v -0.44000000 1.00000000 0.00000000
v -0.54854102 1.03000000 -0.01854102
v -0.54854102 0.97000000 -0.01854102
v -0.53000000 0.98145898 -0.04854102
v -0.53000000 1.01854102 -0.04854102
v -0.54854102 1.03000000 0.01854102
v -0.54854102 0.97000000 0.01854102
v -0.53000000 0.98145898 0.04854102
v -0.53000000 1.01854102 0.04854102
v -0.56000000 1.00000000 0.00000000
v -0.51639599 1.05771630 0.00000000
v -0.48360401 1.05771630 0.00000000
v -0.51639599 0.94228370 0.00000000
v -0.48360401 0.94228370 0.00000000
v -0.52603331 0.94823989 0.01559351
v -0.50963732 0.95837317 0.04212279
v -0.50974759 0.94293661 0.01577193
v -0.47396669 0.94823989 0.01559351
v -0.49036268 0.95837317 0.04212279
v -0.49025241 0.94293661 0.01577193
v -0.50000000 0.94896095 0.03154387
v -0.52603331 1.05176011 0.01559351
v -0.50963732 1.04162683 0.04212279
v -0.50974759 1.05706339 0.01577193
v -0.47396669 1.05176011 0.01559351
v -0.49036268 1.04162683 0.04212279
v -0.49025241 1.05706339 0.01577193
v -0.50000000 1.05103905 0.03154387
v -0.50000000 0.98360401 0.05771630
v -0.50000000 1.01639599 0.05771630
v -0.52603331 0.94823989 -0.01559351
v -0.50963732 0.95837317 -0.04212279
v -0.50974759 0.94293661 -0.01577193
v -0.47396669 0.94823989 -0.01559351
v -0.49036268 0.95837317 -0.04212279
v -0.49025241 0.94293661 -0.01577193
v -0.50000000 0.94896095 -0.03154387
v -0.52603331 1.05176011 -0.01559351
v -0.50963732 1.04162683 -0.04212279
v -0.50974759 1.05706339 -0.01577193
v -0.47396669 1.05176011 -0.01559351
v -0.49036268 1.04162683 -0.04212279
v -0.49025241 1.05706339 -0.01577193
v -0.50000000 1.05103905 -0.03154387
v -0.50000000 0.98360401 -0.05771630
v -0.50000000 1.01639599 -0.05771630
v -0.45837317 1.04212279 -0.00963732
v -0.44823989 1.01559351 -0.02603331
v -0.46473288 1.04129146 -0.02551952
v -0.45837317 0.95787721 -0.00963732
v -0.44823989 0.98440649 -0.02603331
v -0.46473288 0.95870854 -0.02551952
v -0.48440649 0.97396669 -0.05176011
v -0.45787721 0.99036268 -0.04162683
v -0.47448048 0.96473288 -0.04129146
v -0.48422807 0.99025241 -0.05706339
v -0.45870854 0.97448048 -0.03526712
v -0.48440649 1.02603331 -0.05176011
v -0.45787721 1.00963732 -0.04162683
v -0.47448048 1.03526712 -0.04129146
v -0.48422807 1.00974759 -0.05706339
v -0.45870854 1.02551952 -0.03526712
v -0.46845613 1.00000000 -0.05103905
v -0.45837317 1.04212279 0.00963732
v -0.44823989 1.01559351 0.02603331
v -0.46473288 1.04129146 0.02551952
v -0.44896095 1.03154387 0.00000000
v -0.45837317 0.95787721 0.00963732
v -0.44823989 0.98440649 0.02603331
v -0.46473288 0.95870854 0.02551952
v -0.44896095 0.96845613 0.00000000
v -0.48440649 0.97396669 0.05176011
v -0.45787721 0.99036268 0.04162683
v -0.47448048 0.96473288 0.04129146
v -0.48422807 0.99025241 0.05706339
v -0.45870854 0.97448048 0.03526712
v -0.48440649 1.02603331 0.05176011
v -0.45787721 1.00963732 0.04162683
v -0.47448048 1.03526712 0.04129146
v -0.48422807 1.00974759 0.05706339
v -0.45870854 1.02551952 0.03526712
v -0.46845613 1.00000000 0.05103905
v -0.44228370 1.00000000 -0.01639599
v -0.44228370 1.00000000 0.01639599
v -0.44293661 1.01577193 -0.00974759
v -0.44293661 0.98422807 -0.00974759
v -0.44293661 1.01577193 0.00974759
v -0.44293661 0.98422807 0.00974759
v -0.54162683 1.04212279 -0.00963732
v -0.55176011 1.01559351 -0.02603331
v -0.53526712 1.04129146 -0.02551952
v -0.54162683 0.95787721 -0.00963732
v -0.55176011 0.98440649 -0.02603331
v -0.53526712 0.95870854 -0.02551952
v -0.51559351 0.97396669 -0.05176011
v -0.54212279 0.99036268 -0.04162683
v -0.52551952 0.96473288 -0.04129146
v -0.51577193 0.99025241 -0.05706339
v -0.54129146 0.97448048 -0.03526712
v -0.51559351 1.02603331 -0.05176011
v -0.54212279 1.00963732 -0.04162683
v -0.52551952 1.03526712 -0.04129146
v -0.51577193 1.00974759 -0.05706339
v -0.54129146 1.02551952 -0.03526712
v -0.53154387 1.00000000 -0.05103905
v -0.54162683 1.04212279 0.00963732
v -0.55176011 1.01559351 0.02603331
v -0.53526712 1.04129146 0.02551952
v -0.55103905 1.03154387 0.00000000
v -0.54162683 0.95787721 0.00963732
v -0.55176011 0.98440649 0.02603331
v -0.53526712 0.95870854 0.02551952
v -0.55103905 0.96845613 0.00000000
v -0.51559351 0.97396669 0.05176011
v -0.54212279 0.99036268 0.04162683
v -0.52551952 0.96473288 0.04129146
v -0.51577193 0.99025241 0.05706339
v -0.54129146 0.97448048 0.03526712
v -0.51559351 1.02603331 0.05176011
v -0.54212279 1.00963732 0.04162683
v -0.52551952 1.03526712 0.04129146
v -0.51577193 1.00974759 0.05706339
v -0.54129146 1.02551952 0.03526712
v -0.53154387 1.00000000 0.05103905
v -0.55771630 1.00000000 -0.01639599
v -0.55771630 1.00000000 0.01639599
v -0.55706339 1.01577193 -0.00974759
v -0.55706339 0.98422807 -0.00974759
v -0.55706339 1.01577193 0.00974759
v -0.55706339 0.98422807 0.00974759
v 0.46845613 1.05103905 0.00000000
v 0.53154387 1.05103905 0.00000000
v 0.46845613 0.94896095 0.00000000
v 0.53154387 0.94896095 0.00000000
v 0.50000000 0.96845613 0.05103905
v 0.50000000 1.03154387 0.05103905
v 0.50000000 0.96845613 -0.05103905
v 0.50000000 1.03154387 -0.05103905
v 0.55103905 1.00000000 -0.03154387
v 0.55103905 1.00000000 0.03154387
v 0.44896095 1.00000000 -0.03154387
v 0.44896095 1.00000000 0.03154387
v 0.50000000 1.06000000 0.00000000
v 0.50000000 0.94000000 0.00000000
v 0.48145898 0.95145898 0.03000000
v 0.51854102 0.95145898 0.03000000
v 0.48145898 1.04854102 0.03000000
v 0.51854102 1.04854102 0.03000000
v 0.50000000 1.00000000 0.06000000
v 0.48145898 0.95145898 -0.03000000
v 0.51854102 0.95145898 -0.03000000
v 0.48145898 1.04854102 -0.03000000
v 0.51854102 1.04854102 -0.03000000
v 0.50000000 1.00000000 -0.06000000
v 0.54854102 1.03000000 -0.01854102
v 0.54854102 0.97000000 -0.01854102
v 0.53000000 0.98145898 -0.04854102
v 0.53000000 1.01854102 -0.04854102
v 0.54854102 1.03000000 0.01854102
v 0.54854102 0.97000000 0.01854102
v 0.53000000 0.98145898 0.04854102
v 0.53000000 1.01854102 0.04854102
v 0.56000000 1.00000000 0.00000000
v 0.45145898 1.03000000 -0.01854102
v 0.45145898 0.97000000 -0.01854102
v 0.47000000 0.98145898 -0.04854102
v 0.47000000 1.01854102 -0.04854102
v 0.45145898 1.03000000 0.01854102
v 0.45145898 0.97000000 0.01854102
v 0.47000000 0.98145898 0.04854102
v 0.47000000 1.01854102 0.04854102
v 0.44000000 1.00000000 0.00000000
v 0.48360401 1.05771630 0.00000000
v 0.51639599 1.05771630 0.00000000
v 0.48360401 0.94228370 0.00000000
v 0.51639599 0.94228370 0.00000000
v 0.47396669 0.94823989 0.01559351
v 0.49036268 0.95837317 0.04212279
v 0.49025241 0.94293661 0.01577193
v 0.52603331 0.94823989 0.01559351
v 0.50963732 0.95837317 0.04212279
v 0.50974759 0.94293661 0.01577193
v 0.50000000 0.94896095 0.03154387
v 0.47396669 1.05176011 0.01559351
v 0.49036268 1.04162683 0.04212279
v 0.49025241 1.05706339 0.01577193
v 0.52603331 1.05176011 0.01559351
v 0.50963732 1.04162683 0.04212279
v 0.50974759 1.05706339 0.01577193
v 0.50000000 1.05103905 0.03154387
v 0.50000000 0.98360401 0.05771630
v 0.50000000 1.01639599 0.05771630
v 0.47396669 0.94823989 -0.01559351
v 0.49036268 0.95837317 -0.04212279
v 0.49025241 0.94293661 -0.01577193
v 0.52603331 0.94823989 -0.01559351
v 0.50963732 0.95837317 -0.04212279
v 0.50974759 0.94293661 -0.01577193
v 0.50000000 0.94896095 -0.03154387
v 0.47396669 1.05176011 -0.01559351
v 0.49036268 1.04162683 -0.04212279
v 0.49025241 1.05706339 -0.01577193
v 0.52603331 1.05176011 -0.01559351
v 0.50963732 1.04162683 -0.04212279
v 0.50974759 1.05706339 -0.01577193
v 0.50000000 1.05103905 -0.03154387
v 0.50000000 0.98360401 -0.05771630
v 0.50000000 1.01639599 -0.05771630
v 0.54162683 1.04212279 -0.00963732
v 0.55176011 1.01559351 -0.02603331
v 0.53526712 1.04129146 -0.02551952
v 0.54162683 0.95787721 -0.00963732
v 0.55176011 0.98440649 -0.02603331
v 0.53526712 0.95870854 -0.02551952
v 0.51559351 0.97396669 -0.05176011
v 0.54212279 0.99036268 -0.04162683
v 0.52551952 0.96473288 -0.04129146
v 0.51577193 0.99025241 -0.05706339
v 0.54129146 0.97448048 -0.03526712
v 0.51559351 1.02603331 -0.05176011
v 0.54212279 1.00963732 -0.04162683
v 0.52551952 1.03526712 -0.04129146
v 0.51577193 1.00974759 -0.05706339
v 0.54129146 1.02551952 -0.03526712
v 0.53154387 1.00000000 -0.05103905
v 0.54162683 1.04212279 0.00963732
v 0.55176011 1.01559351 0.02603331
v 0.53526712 1.04129146 0.02551952
v 0.55103905 1.03154387 0.00000000
v 0.54162683 0.95787721 0.00963732
v 0.55176011 0.98440649 0.02603331
v 0.53526712 0.95870854 0.02551952
v 0.55103905 0.96845613 0.00000000
v 0.51559351 0.97396669 0.05176011
v 0.54212279 0.99036268 0.04162683
v 0.52551952 0.96473288 0.04129146
v 0.51577193 0.99025241 0.05706339
v 0.54129146 0.97448048 0.03526712
v 0.51559351 1.02603331 0.05176011
v 0.54212279 1.00963732 0.04162683
v 0.52551952 1.03526712 0.04129146
v 0.51577193 1.00974759 0.05706339
v 0.54129146 1.02551952 0.03526712
v 0.53154387 1.00000000 0.05103905
v 0.55771630 1.00000000 -0.01639599
v 0.55771630 1.00000000 0.01639599
v 0.55706339 1.01577193 -0.00974759
v 0.55706339 0.98422807 -0.00974759
v 0.55706339 1.01577193 0.00974759
v 0.55706339 0.98422807 0.00974759
v 0.45837317 1.04212279 -0.00963732
v 0.44823989 1.01559351 -0.02603331
v 0.46473288 1.04129146 -0.02551952
v 0.45837317 0.95787721 -0.00963732
v 0.44823989 0.98440649 -0.02603331
v 0.46473288 0.95870854 -0.02551952
v 0.48440649 0.97396669 -0.05176011
v 0.45787721 0.99036268 -0.04162683
v 0.47448048 0.96473288 -0.04129146
v 0.48422807 0.99025241 -0.05706339
v 0.45870854 0.97448048 -0.03526712
v 0.48440649 1.02603331 -0.05176011
v 0.45787721 1.00963732 -0.04162683
v 0.47448048 1.03526712 -0.04129146
v 0.48422807 1.00974759 -0.05706339
v 0.45870854 1.02551952 -0.03526712
v 0.46845613 1.00000000 -0.05103905
v 0.45837317 1.04212279 0.00963732
v 0.44823989 1.01559351 0.02603331
v 0.46473288 1.04129146 0.02551952
v 0.44896095 1.03154387 0.00000000
v 0.45837317 0.95787721 0.00963732
v 0.44823989 0.98440649 0.02603331
v 0.46473288 0.95870854 0.02551952
v 0.44896095 0.96845613 0.00000000
v 0.48440649 0.97396669 0.05176011
v 0.45787721 0.99036268 0.04162683
v 0.47448048 0.96473288 0.04129146
v 0.48422807 0.99025241 0.05706339
v 0.45870854 0.97448048 0.03526712
v 0.48440649 1.02603331 0.05176011
v 0.45787721 1.00963732 0.04162683
v 0.47448048 1.03526712 0.04129146
v 0.48422807 1.00974759 0.05706339
v 0.45870854 1.02551952 0.03526712
v 0.46845613 1.00000000 0.05103905
v 0.44228370 1.00000000 -0.01639599
v 0.44228370 1.00000000 0.01639599
v 0.44293661 1.01577193 -0.00974759
v 0.44293661 0.98422807 -0.00974759
v 0.44293661 1.01577193 0.00974759
v 0.44293661 0.98422807 0.00974759
f 2 1 5
f 2 5 3
f 3 5 6
f 3 6 4
f 5 1 7
f 5 7 6
f 6 7 8
f 6 8 4
f 7 1 9
f 7 9 8
f 8 9 10
f 8 10 4
f 9 1 11
f 9 11 10
f 10 11 12
f 10 12 4
f 11 1 13
f 11 13 12
f 12 13 14
f 12 14 4
f 13 1 15
f 13 15 14
f 14 15 16
f 14 16 4
f 15 1 17
f 15 17 16
f 16 17 18
f 16 18 4
f 17 1 19
f 17 19 18
f 18 19 20
f 18 20 4
f 19 1 21
f 19 21 20
f 20 21 22
f 20 22 4
f 21 1 23
f 21 23 22
f 22 23 24
f 22 24 4
f 23 1 25
f 23 25 24
f 24 25 26
f 24 26 4
f 25 1 2
f 25 2 26
f 26 2 3
f 26 3 4
f 28 27 31
f 28 31 29
f 29 31 32
f 29 32 30
f 31 27 33
f 31 33 32
f 32 33 34
f 32 34 30
f 33 27 35
f 33 35 34
f 34 35 36
f 34 36 30
f 35 27 37
f 35 37 36
f 36 37 38
f 36 38 30
f 37 27 39
f 37 39 38
f 38 39 40
f 38 40 30
f 39 27 41
f 39 41 40
f 40 41 42
f 40 42 30
f 41 27 43
f 41 43 42
f 42 43 44
f 42 44 30
f 43 27 45
f 43 45 44
f 44 45 46
f 44 46 30
f 45 27 47
f 45 47 46
f 46 47 48
f 46 48 30
f 47 27 49
f 47 49 48
f 48 49 50
f 48 50 30
f 49 27 51
f 49 51 50
f 50 51 52
f 50 52 30
f 51 27 28
f 51 28 52
f 52 28 29
f 52 29 30
f 54 53 57
f 54 57 55
f 55 57 58
f 55 58 56
f 57 53 59
f 57 59 58
f 58 59 60
f 58 60 56
f 59 53 61
f 59 61 60
f 60 61 62
f 60 62 56
f 61 53 63
f 61 63 62
f 62 63 64
f 62 64 56
f 63 53 65
f 63 65 64
f 64 65 66
f 64 66 56
f 65 53 67
f 65 67 66
f 66 67 68
f 66 68 56
f 67 53 69
f 67 69 68
f 68 69 70
f 68 70 56
f 69 53 71
f 69 71 70
f 70 71 72
f 70 72 56
f 71 53 73
f 71 73 72
f 72 73 74
f 72 74 56
f 73 53 75
f 73 75 74
f 74 75 76
f 74 76 56
f 75 53 77
f 75 77 76
f 76 77 78
f 76 78 56
f 77 53 54
f 77 54 78
f 78 54 55
f 78 55 56
f 80 79 83
f 80 83 81
f 81 83 84
f 81 84 82
f 83 79 85
f 83 85 84
f 84 85 86
f 84 86 82
f 85 79 87
f 85 87 86
f 86 87 88
f 86 88 82
f 87 79 89
f 87 89 88
f 88 89 90
f 88 90 82
f 89 79 91
f 89 91 90
f 90 91 92
f 90 92 82
f 91 79 93
f 91 93 92
f 92 93 94
f 92 94 82
f 93 79 95
f 93 95 94
f 94 95 96
f 94 96 82
f 95 79 97
f 95 97 96
f 96 97 98
f 96 98 82
f 97 79 99
f 97 99 98
f 98 99 100
f 98 100 82
f 99 79 101
f 99 101 100
f 100 101 102
f 100 102 82
f 101 79 103
f 101 103 102
f 102 103 104
f 102 104 82
f 103 79 80
f 103 80 104
f 104 80 81
f 104 81 82
f 106 105 109
f 106 109 107
f 107 109 110
f 107 110 108
f 109 105 111
f 109 111 110
f 110 111 112
f 110 112 108
f 111 105 113
f 111 113 112
f 112 113 114
f 112 114 108
f 113 105 115
f 113 115 114
f 114 115 116
f 114 116 108
f 115 105 117
f 115 117 116
f 116 117 118
f 116 118 108
f 117 105 119
f 117 119 118
f 118 119 120
f 118 120 108
f 119 105 121
f 119 121 120
f 120 121 122
f 120 122 108
f 121 105 123
f 121 123 122
f 122 123 124
f 122 124 108
f 123 105 125
f 123 125 124
f 124 125 126
f 124 126 108
f 125 105 127
f 125 127 126
f 126 127 128
f 126 128 108
f 127 105 129
f 127 129 128
f 128 129 130
f 128 130 108
f 129 105 106
f 129 106 130
f 130 106 107
f 130 107 108
f 132 131 135
f 132 135 133
f 133 135 136
f 133 136 134
f 135 131 137
f 135 137 136
f 136 137 138
f 136 138 134
f 137 131 139
f 137 139 138
f 138 139 140
f 138 140 134
f 139 131 141
f 139 141 140
f 140 141 142
f 140 142 134
f 141 131 143
f 141 143 142
f 142 143 144
f 142 144 134
f 143 131 145
f 143 145 144
f 144 145 146
f 144 146 134
f 145 131 147
f 145 147 146
f 146 147 148
f 146 148 134
f 147 131 149
f 147 149 148
f 148 149 150
f 148 150 134
f 149 131 151
f 149 151 150
f 150 151 152
f 150 152 134
f 151 131 153
f 151 153 152
f 152 153 154
f 152 154 134
f 153 131 155
f 153 155 154
f 154 155 156
f 154 156 134
f 155 131 132
f 155 132 156
f 156 132 133
f 156 133 134
f 158 157 161
f 158 161 159
f 159 161 162
f 159 162 160
f 161 157 163
f 161 163 162
f 162 163 164
f 162 164 160
f 163 157 165
f 163 165 164
f 164 165 166
f 164 166 160
f 165 157 167
f 165 167 166
f 166 167 168
f 166 168 160
f 167 157 169
f 167 169 168
f 168 169 170
f 168 170 160
f 169 157 171
f 169 171 170
f 170 171 172
f 170 172 160
f 171 157 173
f 171 173 172
f 172 173 174
f 172 174 160
f 173 157 175
f 173 175 174
f 174 175 176
f 174 176 160
f 175 157 177
f 175 177 176
f 176 177 178
f 176 178 160
f 177 157 179
f 177 179 178
f 178 179 180
f 178 180 160
f 179 157 181
f 179 181 180
f 180 181 182
f 180 182 160
f 181 157 158
f 181 158 182
f 182 158 159
f 182 159 160
f 184 183 187
f 184 187 185
f 185 187 188
f 185 188 186
f 187 183 189
f 187 189 188
f 188 189 190
f 188 190 186
f 189 183 191
f 189 191 190
f 190 191 192
f 190 192 186
f 191 183 193
f 191 193 192
f 192 193 194
f 192 194 186
f 193 183 195
f 193 195 194
f 194 195 196
f 194 196 186
f 195 183 197
f 195 197 196
f 196 197 198
f 196 198 186
f 197 183 199
f 197 199 198
f 198 199 200
f 198 200 186
f 199 183 201
f 199 201 200
f 200 201 202
f 200 202 186
f 201 183 203
f 201 203 202
f 202 203 204
f 202 204 186
f 203 183 205
f 203 205 204
f 204 205 206
f 204 206 186
f 205 183 207
f 205 207 206
f 206 207 208
f 206 208 186
f 207 183 184
f 207 184 208
f 208 184 185
f 208 185 186
f 210 209 213
f 210 213 211
f 211 213 214
f 211 214 212
f 213 209 215
f 213 215 214
f 214 215 216
f 214 216 212
f 215 209 217
f 215 217 216
f 216 217 218
f 216 218 212
f 217 209 219
f 217 219 218
f 218 219 220
f 218 220 212
f 219 209 221
f 219 221 220
f 220 221 222
f 220 222 212
f 221 209 223
f 221 223 222
f 222 223 224
f 222 224 212
f 223 209 225
f 223 225 224
f 224 225 226
f 224 226 212
f 225 209 227
f 225 227 226
f 226 227 228
f 226 228 212
f 227 209 229
f 227 229 228
f 228 229 230
f 228 230 212
f 229 209 231
f 229 231 230
f 230 231 232
f 230 232 212
f 231 209 233
f 231 233 232
f 232 233 234
f 232 234 212
f 233 209 210
f 233 210 234
f 234 210 211
f 234 211 212
f 236 235 239
f 236 239 237
f 237 239 240
f 237 240 238
f 239 235 241
f 239 241 240
f 240 241 242
f 240 242 238
f 241 235 243
f 241 243 242
f 242 243 244
f 242 244 238
f 243 235 245
f 243 245 244
f 244 245 246
f 244 246 238
f 245 235 247
f 245 247 246
f 246 247 248
f 246 248 238
f 247 235 249
f 247 249 248
f 248 249 250
f 248 250 238
f 249 235 251
f 249 251 250
f 250 251 252
f 250 252 238
f 251 235 253
f 251 253 252
f 252 253 254
f 252 254 238
f 253 235 255
f 253 255 254
f 254 255 256
f 254 256 238
f 255 235 257
f 255 257 256
f 256 257 258
f 256 258 238
f 257 235 259
f 257 259 258
f 258 259 260
f 258 260 238
f 259 235 236
f 259 236 260
f 260 236 237
f 260 237 238
f 261 398 314
f 398 298 400
f 314 400 277
f 398 400 314
f 298 399 415
f 399 272 412
f 415 412 301
f 399 412 415
f 277 413 315
f 413 301 411
f 315 411 266
f 413 411 315
f 298 415 400
f 415 301 413
f 400 413 277
f 415 413 400
f 261 314 303
f 314 277 316
f 303 316 273
f 314 316 303
f 277 315 320
f 315 266 318
f 320 318 278
f 315 318 320
f 273 319 304
f 319 278 317
f 304 317 262
f 319 317 304
f 277 320 316
f 320 278 319
f 316 319 273
f 320 319 316
f 261 303 330
f 303 273 332
f 330 332 282
f 303 332 330
f 273 304 335
f 304 262 333
f 335 333 283
f 304 333 335
f 282 336 331
f 336 283 334
f 331 334 268
f 336 334 331
f 273 335 332
f 335 283 336
f 332 336 282
f 335 336 332
f 261 330 381
f 330 282 383
f 381 383 294
f 330 383 381
f 282 331 394
f 331 268 392
f 394 392 297
f 331 392 394
f 294 396 382
f 396 297 393
f 382 393 271
f 396 393 382
f 282 394 383
f 394 297 396
f 383 396 294
f 394 396 383
f 261 381 398
f 381 294 401
f 398 401 298
f 381 401 398
f 294 382 419
f 382 271 417
f 419 417 302
f 382 417 419
f 298 421 399
f 421 302 418
f 399 418 272
f 421 418 399
f 294 419 401
f 419 302 421
f 401 421 298
f 419 421 401
f 262 317 356
f 317 278 358
f 356 358 289
f 317 358 356
f 278 318 371
f 318 266 369
f 371 369 292
f 318 369 371
f 289 373 357
f 373 292 370
f 357 370 270
f 373 370 357
f 278 371 358
f 371 292 373
f 358 373 289
f 371 373 358
f 266 411 322
f 411 301 414
f 322 414 279
f 411 414 322
f 301 412 416
f 412 272 407
f 416 407 300
f 412 407 416
f 279 409 321
f 409 300 406
f 321 406 265
f 409 406 321
f 301 416 414
f 416 300 409
f 414 409 279
f 416 409 414
f 272 418 403
f 418 302 422
f 403 422 299
f 418 422 403
f 302 417 420
f 417 271 385
f 420 385 295
f 417 385 420
f 299 405 402
f 405 295 384
f 402 384 263
f 405 384 402
f 302 420 422
f 420 295 405
f 422 405 299
f 420 405 422
f 271 393 388
f 393 297 397
f 388 397 296
f 393 397 388
f 297 392 395
f 392 268 338
f 395 338 284
f 392 338 395
f 296 390 387
f 390 284 337
f 387 337 267
f 390 337 387
f 297 395 397
f 395 284 390
f 397 390 296
f 395 390 397
f 268 334 350
f 334 283 352
f 350 352 288
f 334 352 350
f 283 333 341
f 333 262 339
f 341 339 285
f 333 339 341
f 288 354 351
f 354 285 340
f 351 340 269
f 354 340 351
f 283 341 352
f 341 285 354
f 352 354 288
f 341 354 352
f 264 360 310
f 360 290 362
f 310 362 276
f 360 362 310
f 290 361 368
f 361 270 365
f 368 365 291
f 361 365 368
f 276 366 311
f 366 291 364
f 311 364 265
f 366 364 311
f 290 368 362
f 368 291 366
f 362 366 276
f 368 366 362
f 264 310 306
f 310 276 312
f 306 312 274
f 310 312 306
f 276 311 313
f 311 265 308
f 313 308 275
f 311 308 313
f 274 309 305
f 309 275 307
f 305 307 263
f 309 307 305
f 276 313 312
f 313 275 309
f 312 309 274
f 313 309 312
f 264 306 326
f 306 274 328
f 326 328 281
f 306 328 326
f 274 305 325
f 305 263 323
f 325 323 280
f 305 323 325
f 281 329 327
f 329 280 324
f 327 324 267
f 329 324 327
f 274 325 328
f 325 280 329
f 328 329 281
f 325 329 328
f 264 326 342
f 326 281 344
f 342 344 286
f 326 344 342
f 281 327 347
f 327 267 345
f 347 345 287
f 327 345 347
f 286 349 343
f 349 287 346
f 343 346 269
f 349 346 343
f 281 347 344
f 347 287 349
f 344 349 286
f 347 349 344
f 264 342 360
f 342 286 363
f 360 363 290
f 342 363 360
f 286 343 378
f 343 269 375
f 378 375 293
f 343 375 378
f 290 380 361
f 380 293 376
f 361 376 270
f 380 376 361
f 286 378 363
f 378 293 380
f 363 380 290
f 378 380 363
f 265 364 321
f 364 291 367
f 321 367 279
f 364 367 321
f 291 365 374
f 365 270 370
f 374 370 292
f 365 370 374
f 279 372 322
f 372 292 369
f 322 369 266
f 372 369 322
f 291 374 367
f 374 292 372
f 367 372 279
f 374 372 367
f 263 307 402
f 307 275 404
f 402 404 299
f 307 404 402
f 275 308 408
f 308 265 406
f 408 406 300
f 308 406 408
f 299 410 403
f 410 300 407
f 403 407 272
f 410 407 403
f 275 408 404
f 408 300 410
f 404 410 299
f 408 410 404
f 267 324 387
f 324 280 389
f 387 389 296
f 324 389 387
f 280 323 386
f 323 263 384
f 386 384 295
f 323 384 386
f 296 391 388
f 391 295 385
f 388 385 271
f 391 385 388
f 280 386 389
f 386 295 391
f 389 391 296
f 386 391 389
f 269 346 351
f 346 287 355
f 351 355 288
f 346 355 351
f 287 345 348
f 345 267 337
f 348 337 284
f 345 337 348
f 288 353 350
f 353 284 338
f 350 338 268
f 353 338 350
f 287 348 355
f 348 284 353
f 355 353 288
f 348 353 355
f 270 376 357
f 376 293 379
f 357 379 289
f 376 379 357
f 293 375 377
f 375 269 340
f 377 340 285
f 375 340 377
f 289 359 356
f 359 285 339
f 356 339 262
f 359 339 356
f 293 377 379
f 377 285 359
f 379 359 289
f 377 359 379
f 423 560 476
f 560 460 562
f 476 562 439
f 560 562 476
f 460 561 577
f 561 434 574
f 577 574 463
f 561 574 577
f 439 575 477
f 575 463 573
f 477 573 428
f 575 573 477
f 460 577 562
f 577 463 575
f 562 575 439
f 577 575 562
f 423 476 465
f 476 439 478
f 465 478 435
f 476 478 465
f 439 477 482
f 477 428 480
f 482 480 440
f 477 480 482
f 435 481 466
f 481 440 479
f 466 479 424
f 481 479 466
f 439 482 478
f 482 440 481
f 478 481 435
f 482 481 478
f 423 465 492
f 465 435 494
f 492 494 444
f 465 494 492
f 435 466 497
f 466 424 495
f 497 495 445
f 466 495 497
f 444 498 493
f 498 445 496
f 493 496 430
f 498 496 493
f 435 497 494
f 497 445 498
f 494 498 444
f 497 498 494
f 423 492 543
f 492 444 545
f 543 545 456
f 492 545 543
f 444 493 556
f 493 430 554
f 556 554 459
f 493 554 556
f 456 558 544
f 558 459 555
f 544 555 433
f 558 555 544
f 444 556 545
f 556 459 558
f 545 558 456
f 556 558 545
f 423 543 560
f 543 456 563
f 560 563 460
f 543 563 560
f 456 544 581
f 544 433 579
f 581 579 464
f 544 579 581
f 460 583 561
f 583 464 580
f 561 580 434
f 583 580 561
f 456 581 563
f 581 464 583
f 563 583 460
f 581 583 563
f 424 479 518
f 479 440 520
f 518 520 451
f 479 520 518
f 440 480 533
f 480 428 531
f 533 531 454
f 480 531 533
f 451 535 519
f 535 454 532
f 519 532 432
f 535 532 519
f 440 533 520
f 533 454 535
f 520 535 451
f 533 535 520
f 428 573 484
f 573 463 576
f 484 576 441
f 573 576 484
f 463 574 578
f 574 434 569
f 578 569 462
f 574 569 578
f 441 571 483
f 571 462 568
f 483 568 427
f 571 568 483
f 463 578 576
f 578 462 571
f 576 571 441
f 578 571 576
f 434 580 565
f 580 464 584
f 565 584 461
f 580 584 565
f 464 579 582
f 579 433 547
f 582 547 457
f 579 547 582
f 461 567 564
f 567 457 546
f 564 546 425
f 567 546 564
f 464 582 584
f 582 457 567
f 584 567 461
f 582 567 584
f 433 555 550
f 555 459 559
f 550 559 458
f 555 559 550
f 459 554 557
f 554 430 500
f 557 500 446
f 554 500 557
f 458 552 549
f 552 446 499
f 549 499 429
f 552 499 549
f 459 557 559
f 557 446 552
f 559 552 458
f 557 552 559
f 430 496 512
f 496 445 514
f 512 514 450
f 496 514 512
f 445 495 503
f 495 424 501
f 503 501 447
f 495 501 503
f 450 516 513
f 516 447 502
f 513 502 431
f 516 502 513
f 445 503 514
f 503 447 516
f 514 516 450
f 503 516 514
f 426 522 472
f 522 452 524
f 472 524 438
f 522 524 472
f 452 523 530
f 523 432 527
f 530 527 453
f 523 527 530
f 438 528 473
f 528 453 526
f 473 526 427
f 528 526 473
f 452 530 524
f 530 453 528
f 524 528 438
f 530 528 524
f 426 472 468
f 472 438 474
f 468 474 436
f 472 474 468
f 438 473 475
f 473 427 470
f 475 470 437
f 473 470 475
f 436 471 467
f 471 437 469
f 467 469 425
f 471 469 467
f 438 475 474
f 475 437 471
f 474 471 436
f 475 471 474
f 426 468 488
f 468 436 490
f 488 490 443
f 468 490 488
f 436 467 487
f 467 425 485
f 487 485 442
f 467 485 487
f 443 491 489
f 491 442 486
f 489 486 429
f 491 486 489
f 436 487 490
f 487 442 491
f 490 491 443
f 487 491 490
f 426 488 504
f 488 443 506
f 504 506 448
f 488 506 504
f 443 489 509
f 489 429 507
f 509 507 449
f 489 507 509
f 448 511 505
f 511 449 508
f 505 508 431
f 511 508 505
f 443 509 506
f 509 449 511
f 506 511 448
f 509 511 506
f 426 504 522
f 504 448 525
f 522 525 452
f 504 525 522
f 448 505 540
f 505 431 537
f 540 537 455
f 505 537 540
f 452 542 523
f 542 455 538
f 523 538 432
f 542 538 523
f 448 540 525
f 540 455 542
f 525 542 452
f 540 542 525
f 427 526 483
f 526 453 529
f 483 529 441
f 526 529 483
f 453 527 536
f 527 432 532
f 536 532 454
f 527 532 536
f 441 534 484
f 534 454 531
f 484 531 428
f 534 531 484
f 453 536 529
f 536 454 534
f 529 534 441
f 536 534 529
f 425 469 564
f 469 437 566
f 564 566 461
f 469 566 564
f 437 470 570
f 470 427 568
f 570 568 462
f 470 568 570
f 461 572 565
f 572 462 569
f 565 569 434
f 572 569 565
f 437 570 566
f 570 462 572
f 566 572 461
f 570 572 566
f 429 486 549
f 486 442 551
f 549 551 458
f 486 551 549
f 442 485 548
f 485 425 546
f 548 546 457
f 485 546 548
f 458 553 550
f 553 457 547
f 550 547 433
f 553 547 550
f 442 548 551
f 548 457 553
f 551 553 458
f 548 553 551
f 431 508 513
f 508 449 517
f 513 517 450
f 508 517 513
f 449 507 510
f 507 429 499
f 510 499 446
f 507 499 510
f 450 515 512
f 515 446 500
f 512 500 430
f 515 500 512
f 449 510 517
f 510 446 515
f 517 515 450
f 510 515 517
f 432 538 519
f 538 455 541
f 519 541 451
f 538 541 519
f 455 537 539
f 537 431 502
f 539 502 447
f 537 502 539
f 451 521 518
f 521 447 501
f 518 501 424
f 521 501 518
f 455 539 541
f 539 447 521
f 541 521 451
f 539 521 541
f 585 722 638
f 722 622 724
f 638 724 601
f 722 724 638
f 622 723 739
f 723 596 736
f 739 736 625
f 723 736 739
f 601 737 639
f 737 625 735
f 639 735 590
f 737 735 639
f 622 739 724
f 739 625 737
f 724 737 601
f 739 737 724
f 585 638 627
f 638 601 640
f 627 640 597
f 638 640 627
f 601 639 644
f 639 590 642
f 644 642 602
f 639 642 644
f 597 643 628
f 643 602 641
f 628 641 586
f 643 641 628
f 601 644 640
f 644 602 643
f 640 643 597
f 644 643 640
f 585 627 654
f 627 597 656
f 654 656 606
f 627 656 654
f 597 628 659
f 628 586 657
f 659 657 607
f 628 657 659
f 606 660 655
f 660 607 658
f 655 658 592
f 660 658 655
f 597 659 656
f 659 607 660
f 656 660 606
f 659 660 656
f 585 654 705
f 654 606 707
f 705 707 618
f 654 707 705
f 606 655 718
f 655 592 716
f 718 716 621
f 655 716 718
f 618 720 706
f 720 621 717
f 706 717 595
f 720 717 706
f 606 718 707
f 718 621 720
f 707 720 618
f 718 720 707
f 585 705 722
f 705 618 725
f 722 725 622
f 705 725 722
f 618 706 743
f 706 595 741
f 743 741 626
f 706 741 743
f 622 745 723
f 745 626 742
f 723 742 596
f 745 742 723
f 618 743 725
f 743 626 745
f 725 745 622
f 743 745 725
f 586 641 680
f 641 602 682
f 680 682 613
f 641 682 680
f 602 642 695
f 642 590 693
f 695 693 616
f 642 693 695
f 613 697 681
f 697 616 694
f 681 694 594
f 697 694 681
f 602 695 682
f 695 616 697
f 682 697 613
f 695 697 682
f 590 735 646
f 735 625 738
f 646 738 603
f 735 738 646
f 625 736 740
f 736 596 731
f 740 731 624
f 736 731 740
f 603 733 645
f 733 624 730
f 645 730 589
f 733 730 645
f 625 740 738
f 740 624 733
f 738 733 603
f 740 733 738
f 596 742 727
f 742 626 746
f 727 746 623
f 742 746 727
f 626 741 744
f 741 595 709
f 744 709 619
f 741 709 744
f 623 729 726
f 729 619 708
f 726 708 587
f 729 708 726
f 626 744 746
f 744 619 729
f 746 729 623
f 744 729 746
f 595 717 712
f 717 621 721
f 712 721 620
f 717 721 712
f 621 716 719
f 716 592 662
f 719 662 608
f 716 662 719
f 620 714 711
f 714 608 661
f 711 661 591
f 714 661 711
f 621 719 721
f 719 608 714
f 721 714 620
f 719 714 721
f 592 658 674
f 658 607 676
f 674 676 612
f 658 676 674
f 607 657 665
f 657 586 663
f 665 663 609
f 657 663 665
f 612 678 675
f 678 609 664
f 675 664 593
f 678 664 675
f 607 665 676
f 665 609 678
f 676 678 612
f 665 678 676
f 588 684 634
f 684 614 686
f 634 686 600
f 684 686 634
f 614 685 692
f 685 594 689
f 692 689 615
f 685 689 692
f 600 690 635
f 690 615 688
f 635 688 589
f 690 688 635
f 614 692 686
f 692 615 690
f 686 690 600
f 692 690 686
f 588 634 630
f 634 600 636
f 630 636 598
f 634 636 630
f 600 635 637
f 635 589 632
f 637 632 599
f 635 632 637
f 598 633 629
f 633 599 631
f 629 631 587
f 633 631 629
f 600 637 636
f 637 599 633
f 636 633 598
f 637 633 636
f 588 630 650
f 630 598 652
f 650 652 605
f 630 652 650
f 598 629 649
f 629 587 647
f 649 647 604
f 629 647 649
f 605 653 651
f 653 604 648
f 651 648 591
f 653 648 651
f 598 649 652
f 649 604 653
f 652 653 605
f 649 653 652
f 588 650 666
f 650 605 668
f 666 668 610
f 650 668 666
f 605 651 671
f 651 591 669
f 671 669 611
f 651 669 671
f 610 673 667
f 673 611 670
f 667 670 593
f 673 670 667
f 605 671 668
f 671 611 673
f 668 673 610
f 671 673 668
f 588 666 684
f 666 610 687
f 684 687 614
f 666 687 684
f 610 667 702
f 667 593 699
f 702 699 617
f 667 699 702
f 614 704 685
f 704 617 700
f 685 700 594
f 704 700 685
f 610 702 687
f 702 617 704
f 687 704 614
f 702 704 687
f 589 688 645
f 688 615 691
f 645 691 603
f 688 691 645
f 615 689 698
f 689 594 694
f 698 694 616
f 689 694 698
f 603 696 646
f 696 616 693
f 646 693 590
f 696 693 646
f 615 698 691
f 698 616 696
f 691 696 603
f 698 696 691
f 587 631 726
f 631 599 728
f 726 728 623
f 631 728 726
f 599 632 732
f 632 589 730
f 732 730 624
f 632 730 732
f 623 734 727
f 734 624 731
f 727 731 596
f 734 731 727
f 599 732 728
f 732 624 734
f 728 734 623
f 732 734 728
f 591 648 711
f 648 604 713
f 711 713 620
f 648 713 711
f 604 647 710
f 647 587 708
f 710 708 619
f 647 708 710
f 620 715 712
f 715 619 709
f 712 709 595
f 715 709 712
f 604 710 713
f 710 619 715
f 713 715 620
f 710 715 713
f 593 670 675
f 670 611 679
f 675 679 612
f 670 679 675
f 611 669 672
f 669 591 661
f 672 661 608
f 669 661 672
f 612 677 674
f 677 608 662
f 674 662 592
f 677 662 674
f 611 672 679
f 672 608 677
f 679 677 612
f 672 677 679
f 594 700 681
f 700 617 703
f 681 703 613
f 700 703 681
f 617 699 701
f 699 593 664
f 701 664 609
f 699 664 701
f 613 683 680
f 683 609 663
f 680 663 586
f 683 663 680
f 617 701 703
f 701 609 683
f 703 683 613
f 701 683 703
f 747 884 800
f 884 784 886
f 800 886 763
f 884 886 800
f 784 885 901
f 885 758 898
f 901 898 787
f 885 898 901
f 763 899 801
f 899 787 897
f 801 897 752
f 899 897 801
f 784 901 886
f 901 787 899
f 886 899 763
f 901 899 886
f 747 800 789
f 800 763 802
f 789 802 759
f 800 802 789
f 763 801 806
f 801 752 804
f 806 804 764
f 801 804 806
f 759 805 790
f 805 764 803
f 790 803 748
f 805 803 790
f 763 806 802
f 806 764 805
f 802 805 759
f 806 805 802
f 747 789 816
f 789 759 818
f 816 818 768
f 789 818 816
f 759 790 821
f 790 748 819
f 821 819 769
f 790 819 821
f 768 822 817
f 822 769 820
f 817 820 754
f 822 820 817
f 759 821 818
f 821 769 822
f 818 822 768
f 821 822 818
f 747 816 867
f 816 768 869
f 867 869 780
f 816 869 867
f 768 817 880
f 817 754 878
f 880 878 783
f 817 878 880
f 780 882 868
f 882 783 879
f 868 879 757
f 882 879 868
f 768 880 869
f 880 783 882
f 869 882 780
f 880 882 869
f 747 867 884
f 867 780 887
f 884 887 784
f 867 887 884
f 780 868 905
f 868 757 903
f 905 903 788
f 868 903 905
f 784 907 885
f 907 788 904
f 885 904 758
f 907 904 885
f 780 905 887
f 905 788 907
f 887 907 784
f 905 907 887
f 748 803 842
f 803 764 844
f 842 844 775
f 803 844 842
f 764 804 857
f 804 752 855
f 857 855 778
f 804 855 857
f 775 859 843
f 859 778 856
f 843 856 756
f 859 856 843
f 764 857 844
f 857 778 859
f 844 859 775
f 857 859 844
f 752 897 808
f 897 787 900
f 808 900 765
f 897 900 808
f 787 898 902
f 898 758 893
f 902 893 786
f 898 893 902
f 765 895 807
f 895 786 892
f 807 892 751
f 895 892 807
f 787 902 900
f 902 786 895
f 900 895 765
f 902 895 900
f 758 904 889
f 904 788 908
f 889 908 785
f 904 908 889
f 788 903 906
f 903 757 871
f 906 871 781
f 903 871 906
f 785 891 888
f 891 781 870
f 888 870 749
f 891 870 888
f 788 906 908
f 906 781 891
f 908 891 785
f 906 891 908
f 757 879 874
f 879 783 883
f 874 883 782
f 879 883 874
f 783 878 881
f 878 754 824
f 881 824 770
f 878 824 881
f 782 876 873
f 876 770 823
f 873 823 753
f 876 823 873
f 783 881 883
f 881 770 876
f 883 876 782
f 881 876 883
f 754 820 836
f 820 769 838
f 836 838 774
f 820 838 836
f 769 819 827
f 819 748 825
f 827 825 771
f 819 825 827
f 774 840 837
f 840 771 826
f 837 826 755
f 840 826 837
f 769 827 838
f 827 771 840
f 838 840 774
f 827 840 838
f 750 846 796
f 846 776 848
f 796 848 762
f 846 848 796
f 776 847 854
f 847 756 851
f 854 851 777
f 847 851 854
f 762 852 797
f 852 777 850
f 797 850 751
f 852 850 797
f 776 854 848
f 854 777 852
f 848 852 762
f 854 852 848
f 750 796 792
f 796 762 798
f 792 798 760
f 796 798 792
f 762 797 799
f 797 751 794
f 799 794 761
f 797 794 799
f 760 795 791
f 795 761 793
f 791 793 749
f 795 793 791
f 762 799 798
f 799 761 795
f 798 795 760
f 799 795 798
f 750 792 812
f 792 760 814
f 812 814 767
f 792 814 812
f 760 791 811
f 791 749 809
f 811 809 766
f 791 809 811
f 767 815 813
f 815 766 810
f 813 810 753
f 815 810 813
f 760 811 814
f 811 766 815
f 814 815 767
f 811 815 814
f 750 812 828
f 812 767 830
f 828 830 772
f 812 830 828
f 767 813 833
f 813 753 831
f 833 831 773
f 813 831 833
f 772 835 829
f 835 773 832
f 829 832 755
f 835 832 829
f 767 833 830
f 833 773 835
f 830 835 772
f 833 835 830
f 750 828 846
f 828 772 849
f 846 849 776
f 828 849 846
f 772 829 864
f 829 755 861
f 864 861 779
f 829 861 864
f 776 866 847
f 866 779 862
f 847 862 756
f 866 862 847
f 772 864 849
f 864 779 866
f 849 866 776
f 864 866 849
f 751 850 807
f 850 777 853
f 807 853 765
f 850 853 807
f 777 851 860
f 851 756 856
f 860 856 778
f 851 856 860
f 765 858 808
f 858 778 855
f 808 855 752
f 858 855 808
f 777 860 853
f 860 778 858
f 853 858 765
f 860 858 853
f 749 793 888
f 793 761 890
f 888 890 785
f 793 890 888
f 761 794 894
f 794 751 892
f 894 892 786
f 794 892 894
f 785 896 889
f 896 786 893
f 889 893 758
f 896 893 889
f 761 894 890
f 894 786 896
f 890 896 785
f 894 896 890
f 753 810 873
f 810 766 875
f 873 875 782
f 810 875 873
f 766 809 872
f 809 749 870
f 872 870 781
f 809 870 872
f 782 877 874
f 877 781 871
f 874 871 757
f 877 871 874
f 766 872 875
f 872 781 877
f 875 877 782
f 872 877 875
f 755 832 837
f 832 773 841
f 837 841 774
f 832 841 837
f 773 831 834
f 831 753 823
f 834 823 770
f 831 823 834
f 774 839 836
f 839 770 824
f 836 824 754
f 839 824 836
f 773 834 841
f 834 770 839
f 841 839 774
f 834 839 841
f 756 862 843
f 862 779 865
f 843 865 775
f 862 865 843
f 779 861 863
f 861 755 826
f 863 826 771
f 861 826 863
f 775 845 842
f 845 771 825
f 842 825 748
f 845 825 842
f 779 863 865
f 863 771 845
f 865 845 775
f 863 845 865
f 909 1046 962
f 1046 946 1048
f 962 1048 925
f 1046 1048 962
f 946 1047 1063
f 1047 920 1060
f 1063 1060 949
f 1047 1060 1063
f 925 1061 963
f 1061 949 1059
f 963 1059 914
f 1061 1059 963
f 946 1063 1048
f 1063 949 1061
f 1048 1061 925
f 1063 1061 1048
f 909 962 951
f 962 925 964
f 951 964 921
f 962 964 951
f 925 963 968
f 963 914 966
f 968 966 926
f 963 966 968
f 921 967 952
f 967 926 965
f 952 965 910
f 967 965 952
f 925 968 964
f 968 926 967
f 964 967 921
f 968 967 964
f 909 951 978
f 951 921 980
f 978 980 930
f 951 980 978
f 921 952 983
f 952 910 981
f 983 981 931
f 952 981 983
f 930 984 979
f 984 931 982
f 979 982 916
f 984 982 979
f 921 983 980
f 983 931 984
f 980 984 930
f 983 984 980
f 909 978 1029
f 978 930 1031
f 1029 1031 942
f 978 1031 1029
f 930 979 1042
f 979 916 1040
f 1042 1040 945
f 979 1040 1042
f 942 1044 1030
f 1044 945 1041
f 1030 1041 919
f 1044 1041 1030
f 930 1042 1031
f 1042 945 1044
f 1031 1044 942
f 1042 1044 1031
f 909 1029 1046
f 1029 942 1049
f 1046 1049 946
f 1029 1049 1046
f 942 1030 1067
f 1030 919 1065
f 1067 1065 950
f 1030 1065 1067
f 946 1069 1047
f 1069 950 1066
f 1047 1066 920
f 1069 1066 1047
f 942 1067 1049
f 1067 950 1069
f 1049 1069 946
f 1067 1069 1049
f 910 965 1004
f 965 926 1006
f 1004 1006 937
f 965 1006 1004
f 926 966 1019
f 966 914 1017
f 1019 1017 940
f 966 1017 1019
f 937 1021 1005
f 1021 940 1018
f 1005 1018 918
f 1021 1018 1005
f 926 1019 1006
f 1019 940 1021
f 1006 1021 937
f 1019 1021 1006
f 914 1059 970
f 1059 949 1062
f 970 1062 927
f 1059 1062 970
f 949 1060 1064
f 1060 920 1055
f 1064 1055 948
f 1060 1055 1064
f 927 1057 969
f 1057 948 1054
f 969 1054 913
f 1057 1054 969
f 949 1064 1062
f 1064 948 1057
f 1062 1057 927
f 1064 1057 1062
f 920 1066 1051
f 1066 950 1070
f 1051 1070 947
f 1066 1070 1051
f 950 1065 1068
f 1065 919 1033
f 1068 1033 943
f 1065 1033 1068
f 947 1053 1050
f 1053 943 1032
f 1050 1032 911
f 1053 1032 1050
f 950 1068 1070
f 1068 943 1053
f 1070 1053 947
f 1068 1053 1070
f 919 1041 1036
f 1041 945 1045
f 1036 1045 944
f 1041 1045 1036
f 945 1040 1043
f 1040 916 986
f 1043 986 932
f 1040 986 1043
f 944 1038 1035
f 1038 932 985
f 1035 985 915
f 1038 985 1035
f 945 1043 1045
f 1043 932 1038
f 1045 1038 944
f 1043 1038 1045
f 916 982 998
f 982 931 1000
f 998 1000 936
f 982 1000 998
f 931 981 989
f 981 910 987
f 989 987 933
f 981 987 989
f 936 1002 999
f 1002 933 988
f 999 988 917
f 1002 988 999
f 931 989 1000
f 989 933 1002
f 1000 1002 936
f 989 1002 1000
f 912 1008 958
f 1008 938 1010
f 958 1010 924
f 1008 1010 958
f 938 1009 1016
f 1009 918 1013
f 1016 1013 939
f 1009 1013 1016
f 924 1014 959
f 1014 939 1012
f 959 1012 913
f 1014 1012 959
f 938 1016 1010
f 1016 939 1014
f 1010 1014 924
f 1016 1014 1010
f 912 958 954
f 958 924 960
f 954 960 922
f 958 960 954
f 924 959 961
f 959 913 956
f 961 956 923
f 959 956 961
f 922 957 953
f 957 923 955
f 953 955 911
f 957 955 953
f 924 961 960
f 961 923 957
f 960 957 922
f 961 957 960
f 912 954 974
f 954 922 976
f 974 976 929
f 954 976 974
f 922 953 973
f 953 911 971
f 973 971 928
f 953 971 973
f 929 977 975
f 977 928 972
f 975 972 915
f 977 972 975
f 922 973 976
f 973 928 977
f 976 977 929
f 973 977 976
f 912 974 990
f 974 929 992
f 990 992 934
f 974 992 990
f 929 975 995
f 975 915 993
f 995 993 935
f 975 993 995
f 934 997 991
f 997 935 994
f 991 994 917
f 997 994 991
f 929 995 992
f 995 935 997
f 992 997 934
f 995 997 992
f 912 990 1008
f 990 934 1011
f 1008 1011 938
f 990 1011 1008
f 934 991 1026
f 991 917 1023
f 1026 1023 941
f 991 1023 1026
f 938 1028 1009
f 1028 941 1024
f 1009 1024 918
f 1028 1024 1009
f 934 1026 1011
f 1026 941 1028
f 1011 1028 938
f 1026 1028 1011
f 913 1012 969
f 1012 939 1015
f 969 1015 927
f 1012 1015 969
f 939 1013 1022
f 1013 918 1018
f 1022 1018 940
f 1013 1018 1022
f 927 1020 970
f 1020 940 1017
f 970 1017 914
f 1020 1017 970
f 939 1022 1015
f 1022 940 1020
f 1015 1020 927
f 1022 1020 1015
f 911 955 1050
f 955 923 1052
f 1050 1052 947
f 955 1052 1050
f 923 956 1056
f 956 913 1054
f 1056 1054 948
f 956 1054 1056
f 947 1058 1051
f 1058 948 1055
f 1051 1055 920
f 1058 1055 1051
f 923 1056 1052
f 1056 948 1058
f 1052 1058 947
f 1056 1058 1052
f 915 972 1035
f 972 928 1037
f 1035 1037 944
f 972 1037 1035
f 928 971 1034
f 971 911 1032
f 1034 1032 943
f 971 1032 1034
f 944 1039 1036
f 1039 943 1033
f 1036 1033 919
f 1039 1033 1036
f 928 1034 1037
f 1034 943 1039
f 1037 1039 944
f 1034 1039 1037
f 917 994 999
f 994 935 1003
f 999 1003 936
f 994 1003 999
f 935 993 996
f 993 915 985
f 996 985 932
f 993 985 996
f 936 1001 998
f 1001 932 986
f 998 986 916
f 1001 986 998
f 935 996 1003
f 996 932 1001
f 1003 1001 936
f 996 1001 1003
f 918 1024 1005
f 1024 941 1027
f 1005 1027 937
f 1024 1027 1005
f 941 1023 1025
f 1023 917 988
f 1025 988 933
f 1023 988 1025
f 937 1007 1004
f 1007 933 987
f 1004 987 910
f 1007 987 1004
f 941 1025 1027
f 1025 933 1007
f 1027 1007 937
f 1025 1007 1027
f 1071 1208 1124
f 1208 1108 1210
f 1124 1210 1087
f 1208 1210 1124
f 1108 1209 1225
f 1209 1082 1222
f 1225 1222 1111
f 1209 1222 1225
f 1087 1223 1125
f 1223 1111 1221
f 1125 1221 1076
f 1223 1221 1125
f 1108 1225 1210
f 1225 1111 1223
f 1210 1223 1087
f 1225 1223 1210
f 1071 1124 1113
f 1124 1087 1126
f 1113 1126 1083
f 1124 1126 1113
f 1087 1125 1130
f 1125 1076 1128
f 1130 1128 1088
f 1125 1128 1130
f 1083 1129 1114
f 1129 1088 1127
f 1114 1127 1072
f 1129 1127 1114
f 1087 1130 1126
f 1130 1088 1129
f 1126 1129 1083
f 1130 1129 1126
f 1071 1113 1140
f 1113 1083 1142
f 1140 1142 1092
f 1113 1142 1140
f 1083 1114 1145
f 1114 1072 1143
f 1145 1143 1093
f 1114 1143 1145
f 1092 1146 1141
f 1146 1093 1144
f 1141 1144 1078
f 1146 1144 1141
f 1083 1145 1142
f 1145 1093 1146
f 1142 1146 1092
f 1145 1146 1142
f 1071 1140 1191
f 1140 1092 1193
f 1191 1193 1104
f 1140 1193 1191
f 1092 1141 1204
f 1141 1078 1202
f 1204 1202 1107
f 1141 1202 1204
f 1104 1206 1192
f 1206 1107 1203
f 1192 1203 1081
f 1206 1203 1192
f 1092 1204 1193
f 1204 1107 1206
f 1193 1206 1104
f 1204 1206 1193
f 1071 1191 1208
f 1191 1104 1211
f 1208 1211 1108
f 1191 1211 1208
f 1104 1192 1229
f 1192 1081 1227
f 1229 1227 1112
f 1192 1227 1229
f 1108 1231 1209
f 1231 1112 1228
f 1209 1228 1082
f 1231 1228 1209
f 1104 1229 1211
f 1229 1112 1231
f 1211 1231 1108
f 1229 1231 1211
f 1072 1127 1166
f 1127 1088 1168
f 1166 1168 1099
f 1127 1168 1166
f 1088 1128 1181
f 1128 1076 1179
f 1181 1179 1102
f 1128 1179 1181
f 1099 1183 1167
f 1183 1102 1180
f 1167 1180 1080
f 1183 1180 1167
f 1088 1181 1168
f 1181 1102 1183
f 1168 1183 1099
f 1181 1183 1168
f 1076 1221 1132
f 1221 1111 1224
f 1132 1224 1089
f 1221 1224 1132
f 1111 1222 1226
f 1222 1082 1217
f 1226 1217 1110
f 1222 1217 1226
f 1089 1219 1131
f 1219 1110 1216
f 1131 1216 1075
f 1219 1216 1131
f 1111 1226 1224
f 1226 1110 1219
f 1224 1219 1089
f 1226 1219 1224
f 1082 1228 1213
f 1228 1112 1232
f 1213 1232 1109
f 1228 1232 1213
f 1112 1227 1230
f 1227 1081 1195
f 1230 1195 1105
f 1227 1195 1230
f 1109 1215 1212
f 1215 1105 1194
f 1212 1194 1073
f 1215 1194 1212
f 1112 1230 1232
f 1230 1105 1215
f 1232 1215 1109
f 1230 1215 1232
f 1081 1203 1198
f 1203 1107 1207
f 1198 1207 1106
f 1203 1207 1198
f 1107 1202 1205
f 1202 1078 1148
f 1205 1148 1094
f 1202 1148 1205
f 1106 1200 1197
f 1200 1094 1147
f 1197 1147 1077
f 1200 1147 1197
f 1107 1205 1207
f 1205 1094 1200
f 1207 1200 1106
f 1205 1200 1207
f 1078 1144 1160
f 1144 1093 1162
f 1160 1162 1098
f 1144 1162 1160
f 1093 1143 1151
f 1143 1072 1149
f 1151 1149 1095
f 1143 1149 1151
f 1098 1164 1161
f 1164 1095 1150
f 1161 1150 1079
f 1164 1150 1161
f 1093 1151 1162
f 1151 1095 1164
f 1162 1164 1098
f 1151 1164 1162
f 1074 1170 1120
f 1170 1100 1172
f 1120 1172 1086
f 1170 1172 1120
f 1100 1171 1178
f 1171 1080 1175
f 1178 1175 1101
f 1171 1175 1178
f 1086 1176 1121
f 1176 1101 1174
f 1121 1174 1075
f 1176 1174 1121
f 1100 1178 1172
f 1178 1101 1176
f 1172 1176 1086
f 1178 1176 1172
f 1074 1120 1116
f 1120 1086 1122
f 1116 1122 1084
f 1120 1122 1116
f 1086 1121 1123
f 1121 1075 1118
f 1123 1118 1085
f 1121 1118 1123
f 1084 1119 1115
f 1119 1085 1117
f 1115 1117 1073
f 1119 1117 1115
f 1086 1123 1122
f 1123 1085 1119
f 1122 1119 1084
f 1123 1119 1122
f 1074 1116 1136
f 1116 1084 1138
f 1136 1138 1091
f 1116 1138 1136
f 1084 1115 1135
f 1115 1073 1133
f 1135 1133 1090
f 1115 1133 1135
f 1091 1139 1137
f 1139 1090 1134
f 1137 1134 1077
f 1139 1134 1137
f 1084 1135 1138
f 1135 1090 1139
f 1138 1139 1091
f 1135 1139 1138
f 1074 1136 1152
f 1136 1091 1154
f 1152 1154 1096
f 1136 1154 1152
f 1091 1137 1157
f 1137 1077 1155
f 1157 1155 1097
f 1137 1155 1157
f 1096 1159 1153
f 1159 1097 1156
f 1153 1156 1079
f 1159 1156 1153
f 1091 1157 1154
f 1157 1097 1159
f 1154 1159 1096
f 1157 1159 1154
f 1074 1152 1170
f 1152 1096 1173
f 1170 1173 1100
f 1152 1173 1170
f 1096 1153 1188
f 1153 1079 1185
f 1188 1185 1103
f 1153 1185 1188
f 1100 1190 1171
f 1190 1103 1186
f 1171 1186 1080
f 1190 1186 1171
f 1096 1188 1173
f 1188 1103 1190
f 1173 1190 1100
f 1188 1190 1173
f 1075 1174 1131
f 1174 1101 1177
f 1131 1177 1089
f 1174 1177 1131
f 1101 1175 1184
f 1175 1080 1180
f 1184 1180 1102
f 1175 1180 1184
f 1089 1182 1132
f 1182 1102 1179
f 1132 1179 1076
f 1182 1179 1132
f 1101 1184 1177
f 1184 1102 1182
f 1177 1182 1089
f 1184 1182 1177
f 1073 1117 1212
f 1117 1085 1214
f 1212 1214 1109
f 1117 1214 1212
f 1085 1118 1218
f 1118 1075 1216
f 1218 1216 1110
f 1118 1216 1218
f 1109 1220 1213
f 1220 1110 1217
f 1213 1217 1082
f 1220 1217 1213
f 1085 1218 1214
f 1218 1110 1220
f 1214 1220 1109
f 1218 1220 1214
f 1077 1134 1197
f 1134 1090 1199
f 1197 1199 1106
f 1134 1199 1197
f 1090 1133 1196
f 1133 1073 1194
f 1196 1194 1105
f 1133 1194 1196
f 1106 1201 1198
f 1201 1105 1195
f 1198 1195 1081
f 1201 1195 1198
f 1090 1196 1199
f 1196 1105 1201
f 1199 1201 1106
f 1196 1201 1199
f 1079 1156 1161
f 1156 1097 1165
f 1161 1165 1098
f 1156 1165 1161
f 1097 1155 1158
f 1155 1077 1147
f 1158 1147 1094
f 1155 1147 1158
f 1098 1163 1160
f 1163 1094 1148
f 1160 1148 1078
f 1163 1148 1160
f 1097 1158 1165
f 1158 1094 1163
f 1165 1163 1098
f 1158 1163 1165
f 1080 1186 1167
f 1186 1103 1189
f 1167 1189 1099
f 1186 1189 1167
f 1103 1185 1187
f 1185 1079 1150
f 1187 1150 1095
f 1185 1150 1187
f 1099 1169 1166
f 1169 1095 1149
f 1166 1149 1072
f 1169 1149 1166
f 1103 1187 1189
f 1187 1095 1169
f 1189 1169 1099
f 1187 1169 1189
f 1233 1370 1286
f 1370 1270 1372
f 1286 1372 1249
f 1370 1372 1286
f 1270 1371 1387
f 1371 1244 1384
f 1387 1384 1273
f 1371 1384 1387
f 1249 1385 1287
f 1385 1273 1383
f 1287 1383 1238
f 1385 1383 1287
f 1270 1387 1372
f 1387 1273 1385
f 1372 1385 1249
f 1387 1385 1372
f 1233 1286 1275
f 1286 1249 1288
f 1275 1288 1245
f 1286 1288 1275
f 1249 1287 1292
f 1287 1238 1290
f 1292 1290 1250
f 1287 1290 1292
f 1245 1291 1276
f 1291 1250 1289
f 1276 1289 1234
f 1291 1289 1276
f 1249 1292 1288
f 1292 1250 1291
f 1288 1291 1245
f 1292 1291 1288
f 1233 1275 1302
f 1275 1245 1304
f 1302 1304 1254
f 1275 1304 1302
f 1245 1276 1307
f 1276 1234 1305
f 1307 1305 1255
f 1276 1305 1307
f 1254 1308 1303
f 1308 1255 1306
f 1303 1306 1240
f 1308 1306 1303
f 1245 1307 1304
f 1307 1255 1308
f 1304 1308 1254
f 1307 1308 1304
f 1233 1302 1353
f 1302 1254 1355
f 1353 1355 1266
f 1302 1355 1353
f 1254 1303 1366
f 1303 1240 1364
f 1366 1364 1269
f 1303 1364 1366
f 1266 1368 1354
f 1368 1269 1365
f 1354 1365 1243
f 1368 1365 1354
f 1254 1366 1355
f 1366 1269 1368
f 1355 1368 1266
f 1366 1368 1355
f 1233 1353 1370
f 1353 1266 1373
f 1370 1373 1270
f 1353 1373 1370
f 1266 1354 1391
f 1354 1243 1389
f 1391 1389 1274
f 1354 1389 1391
f 1270 1393 1371
f 1393 1274 1390
f 1371 1390 1244
f 1393 1390 1371
f 1266 1391 1373
f 1391 1274 1393
f 1373 1393 1270
f 1391 1393 1373
f 1234 1289 1328
f 1289 1250 1330
f 1328 1330 1261
f 1289 1330 1328
f 1250 1290 1343
f 1290 1238 1341
f 1343 1341 1264
f 1290 1341 1343
f 1261 1345 1329
f 1345 1264 1342
f 1329 1342 1242
f 1345 1342 1329
f 1250 1343 1330
f 1343 1264 1345
f 1330 1345 1261
f 1343 1345 1330
f 1238 1383 1294
f 1383 1273 1386
f 1294 1386 1251
f 1383 1386 1294
f 1273 1384 1388
f 1384 1244 1379
f 1388 1379 1272
f 1384 1379 1388
f 1251 1381 1293
f 1381 1272 1378
f 1293 1378 1237
f 1381 1378 1293
f 1273 1388 1386
f 1388 1272 1381
f 1386 1381 1251
f 1388 1381 1386
f 1244 1390 1375
f 1390 1274 1394
f 1375 1394 1271
f 1390 1394 1375
f 1274 1389 1392
f 1389 1243 1357
f 1392 1357 1267
f 1389 1357 1392
f 1271 1377 1374
f 1377 1267 1356
f 1374 1356 1235
f 1377 1356 1374
f 1274 1392 1394
f 1392 1267 1377
f 1394 1377 1271
f 1392 1377 1394
f 1243 1365 1360
f 1365 1269 1369
f 1360 1369 1268
f 1365 1369 1360
f 1269 1364 1367
f 1364 1240 1310
f 1367 1310 1256
f 1364 1310 1367
f 1268 1362 1359
f 1362 1256 1309
f 1359 1309 1239
f 1362 1309 1359
f 1269 1367 1369
f 1367 1256 1362
f 1369 1362 1268
f 1367 1362 1369
f 1240 1306 1322
f 1306 1255 1324
f 1322 1324 1260
f 1306 1324 1322
f 1255 1305 1313
f 1305 1234 1311
f 1313 1311 1257
f 1305 1311 1313
f 1260 1326 1323
f 1326 1257 1312
f 1323 1312 1241
f 1326 1312 1323
f 1255 1313 1324
f 1313 1257 1326
f 1324 1326 1260
f 1313 1326 1324
f 1236 1332 1282
f 1332 1262 1334
f 1282 1334 1248
f 1332 1334 1282
f 1262 1333 1340
f 1333 1242 1337
f 1340 1337 1263
f 1333 1337 1340
f 1248 1338 1283
f 1338 1263 1336
f 1283 1336 1237
f 1338 1336 1283
f 1262 1340 1334
f 1340 1263 1338
f 1334 1338 1248
f 1340 1338 1334
f 1236 1282 1278
f 1282 1248 1284
f 1278 1284 1246
f 1282 1284 1278
f 1248 1283 1285
f 1283 1237 1280
f 1285 1280 1247
f 1283 1280 1285
f 1246 1281 1277
f 1281 1247 1279
f 1277 1279 1235
f 1281 1279 1277
f 1248 1285 1284
f 1285 1247 1281
f 1284 1281 1246
f 1285 1281 1284
f 1236 1278 1298
f 1278 1246 1300
f 1298 1300 1253
f 1278 1300 1298
f 1246 1277 1297
f 1277 1235 1295
f 1297 1295 1252
f 1277 1295 1297
f 1253 1301 1299
f 1301 1252 1296
f 1299 1296 1239
f 1301 1296 1299
f 1246 1297 1300
f 1297 1252 1301
f 1300 1301 1253
f 1297 1301 1300
f 1236 1298 1314
f 1298 1253 1316
f 1314 1316 1258
f 1298 1316 1314
f 1253 1299 1319
f 1299 1239 1317
f 1319 1317 1259
f 1299 1317 1319
f 1258 1321 1315
f 1321 1259 1318
f 1315 1318 1241
f 1321 1318 1315
f 1253 1319 1316
f 1319 1259 1321
f 1316 1321 1258
f 1319 1321 1316
f 1236 1314 1332
f 1314 1258 1335
f 1332 1335 1262
f 1314 1335 1332
f 1258 1315 1350
f 1315 1241 1347
f 1350 1347 1265
f 1315 1347 1350
f 1262 1352 1333
f 1352 1265 1348
f 1333 1348 1242
f 1352 1348 1333
f 1258 1350 1335
f 1350 1265 1352
f 1335 1352 1262
f 1350 1352 1335
f 1237 1336 1293
f 1336 1263 1339
f 1293 1339 1251
f 1336 1339 1293
f 1263 1337 1346
f 1337 1242 1342
f 1346 1342 1264
f 1337 1342 1346
f 1251 1344 1294
f 1344 1264 1341
f 1294 1341 1238
f 1344 1341 1294
f 1263 1346 1339
f 1346 1264 1344
f 1339 1344 1251
f 1346 1344 1339
f 1235 1279 1374
f 1279 1247 1376
f 1374 1376 1271
f 1279 1376 1374
f 1247 1280 1380
f 1280 1237 1378
f 1380 1378 1272
f 1280 1378 1380
f 1271 1382 1375
f 1382 1272 1379
f 1375 1379 1244
f 1382 1379 1375
f 1247 1380 1376
f 1380 1272 1382
f 1376 1382 1271
f 1380 1382 1376
f 1239 1296 1359
f 1296 1252 1361
f 1359 1361 1268
f 1296 1361 1359
f 1252 1295 1358
f 1295 1235 1356
f 1358 1356 1267
f 1295 1356 1358
f 1268 1363 1360
f 1363 1267 1357
f 1360 1357 1243
f 1363 1357 1360
f 1252 1358 1361
f 1358 1267 1363
f 1361 1363 1268
f 1358 1363 1361
f 1241 1318 1323
f 1318 1259 1327
f 1323 1327 1260
f 1318 1327 1323
f 1259 1317 1320
f 1317 1239 1309
f 1320 1309 1256
f 1317 1309 1320
f 1260 1325 1322
f 1325 1256 1310
f 1322 1310 1240
f 1325 1310 1322
f 1259 1320 1327
f 1320 1256 1325
f 1327 1325 1260
f 1320 1325 1327
f 1242 1348 1329
f 1348 1265 1351
f 1329 1351 1261
f 1348 1351 1329
f 1265 1347 1349
f 1347 1241 1312
f 1349 1312 1257
f 1347 1312 1349
f 1261 1331 1328
f 1331 1257 1311
f 1328 1311 1234
f 1331 1311 1328
f 1265 1349 1351
f 1349 1257 1331
f 1351 1331 1261
f 1349 1331 1351
f 1395 1532 1448
f 1532 1432 1534
f 1448 1534 1411
f 1532 1534 1448
f 1432 1533 1549
f 1533 1406 1546
f 1549 1546 1435
f 1533 1546 1549
f 1411 1547 1449
f 1547 1435 1545
f 1449 1545 1400
f 1547 1545 1449
f 1432 1549 1534
f 1549 1435 1547
f 1534 1547 1411
f 1549 1547 1534
f 1395 1448 1437
f 1448 1411 1450
f 1437 1450 1407
f 1448 1450 1437
f 1411 1449 1454
f 1449 1400 1452
f 1454 1452 1412
f 1449 1452 1454
f 1407 1453 1438
f 1453 1412 1451
f 1438 1451 1396
f 1453 1451 1438
f 1411 1454 1450
f 1454 1412 1453
f 1450 1453 1407
f 1454 1453 1450
f 1395 1437 1464
f 1437 1407 1466
f 1464 1466 1416
f 1437 1466 1464
f 1407 1438 1469
f 1438 1396 1467
f 1469 1467 1417
f 1438 1467 1469
f 1416 1470 1465
f 1470 1417 1468
f 1465 1468 1402
f 1470 1468 1465
f 1407 1469 1466
f 1469 1417 1470
f 1466 1470 1416
f 1469 1470 1466
f 1395 1464 1515
f 1464 1416 1517
f 1515 1517 1428
f 1464 1517 1515
f 1416 1465 1528
f 1465 1402 1526
f 1528 1526 1431
f 1465 1526 1528
f 1428 1530 1516
f 1530 1431 1527
f 1516 1527 1405
f 1530 1527 1516
f 1416 1528 1517
f 1528 1431 1530
f 1517 1530 1428
f 1528 1530 1517
f 1395 1515 1532
f 1515 1428 1535
f 1532 1535 1432
f 1515 1535 1532
f 1428 1516 1553
f 1516 1405 1551
f 1553 1551 1436
f 1516 1551 1553
f 1432 1555 1533
f 1555 1436 1552
f 1533 1552 1406
f 1555 1552 1533
f 1428 1553 1535
f 1553 1436 1555
f 1535 1555 1432
f 1553 1555 1535
f 1396 1451 1490
f 1451 1412 1492
f 1490 1492 1423
f 1451 1492 1490
f 1412 1452 1505
f 1452 1400 1503
f 1505 1503 1426
f 1452 1503 1505
f 1423 1507 1491
f 1507 1426 1504
f 1491 1504 1404
f 1507 1504 1491
f 1412 1505 1492
f 1505 1426 1507
f 1492 1507 1423
f 1505 1507 1492
f 1400 1545 1456
f 1545 1435 1548
f 1456 1548 1413
f 1545 1548 1456
f 1435 1546 1550
f 1546 1406 1541
f 1550 1541 1434
f 1546 1541 1550
f 1413 1543 1455
f 1543 1434 1540
f 1455 1540 1399
f 1543 1540 1455
f 1435 1550 1548
f 1550 1434 1543
f 1548 1543 1413
f 1550 1543 1548
f 1406 1552 1537
f 1552 1436 1556
f 1537 1556 1433
f 1552 1556 1537
f 1436 1551 1554
f 1551 1405 1519
f 1554 1519 1429
f 1551 1519 1554
f 1433 1539 1536
f 1539 1429 1518
f 1536 1518 1397
f 1539 1518 1536
f 1436 1554 1556
f 1554 1429 1539
f 1556 1539 1433
f 1554 1539 1556
f 1405 1527 1522
f 1527 1431 1531
f 1522 1531 1430
f 1527 1531 1522
f 1431 1526 1529
f 1526 1402 1472
f 1529 1472 1418
f 1526 1472 1529
f 1430 1524 1521
f 1524 1418 1471
f 1521 1471 1401
f 1524 1471 1521
f 1431 1529 1531
f 1529 1418 1524
f 1531 1524 1430
f 1529 1524 1531
f 1402 1468 1484
f 1468 1417 1486
f 1484 1486 1422
f 1468 1486 1484
f 1417 1467 1475
f 1467 1396 1473
f 1475 1473 1419
f 1467 1473 1475
f 1422 1488 1485
f 1488 1419 1474
f 1485 1474 1403
f 1488 1474 1485
f 1417 1475 1486
f 1475 1419 1488
f 1486 1488 1422
f 1475 1488 1486
f 1398 1494 1444
f 1494 1424 1496
f 1444 1496 1410
f 1494 1496 1444
f 1424 1495 1502
f 1495 1404 1499
f 1502 1499 1425
f 1495 1499 1502
f 1410 1500 1445
f 1500 1425 1498
f 1445 1498 1399
f 1500 1498 1445
f 1424 1502 1496
f 1502 1425 1500
f 1496 1500 1410
f 1502 1500 1496
f 1398 1444 1440
f 1444 1410 1446
f 1440 1446 1408
f 1444 1446 1440
f 1410 1445 1447
f 1445 1399 1442
f 1447 1442 1409
f 1445 1442 1447
f 1408 1443 1439
f 1443 1409 1441
f 1439 1441 1397
f 1443 1441 1439
f 1410 1447 1446
f 1447 1409 1443
f 1446 1443 1408
f 1447 1443 1446
f 1398 1440 1460
f 1440 1408 1462
f 1460 1462 1415
f 1440 1462 1460
f 1408 1439 1459
f 1439 1397 1457
f 1459 1457 1414
f 1439 1457 1459
f 1415 1463 1461
f 1463 1414 1458
f 1461 1458 1401
f 1463 1458 1461
f 1408 1459 1462
f 1459 1414 1463
f 1462 1463 1415
f 1459 1463 1462
f 1398 1460 1476
f 1460 1415 1478
f 1476 1478 1420
f 1460 1478 1476
f 1415 1461 1481
f 1461 1401 1479
f 1481 1479 1421
f 1461 1479 1481
f 1420 1483 1477
f 1483 1421 1480
f 1477 1480 1403
f 1483 1480 1477
f 1415 1481 1478
f 1481 1421 1483
f 1478 1483 1420
f 1481 1483 1478
f 1398 1476 1494
f 1476 1420 1497
f 1494 1497 1424
f 1476 1497 1494
f 1420 1477 1512
f 1477 1403 1509
f 1512 1509 1427
f 1477 1509 1512
f 1424 1514 1495
f 1514 1427 1510
f 1495 1510 1404
f 1514 1510 1495
f 1420 1512 1497
f 1512 1427 1514
f 1497 1514 1424
f 1512 1514 1497
f 1399 1498 1455
f 1498 1425 1501
f 1455 1501 1413
f 1498 1501 1455
f 1425 1499 1508
f 1499 1404 1504
f 1508 1504 1426
f 1499 1504 1508
f 1413 1506 1456
f 1506 1426 1503
f 1456 1503 1400
f 1506 1503 1456
f 1425 1508 1501
f 1508 1426 1506
f 1501 1506 1413
f 1508 1506 1501
f 1397 1441 1536
f 1441 1409 1538
f 1536 1538 1433
f 1441 1538 1536
f 1409 1442 1542
f 1442 1399 1540
f 1542 1540 1434
f 1442 1540 1542
f 1433 1544 1537
f 1544 1434 1541
f 1537 1541 1406
f 1544 1541 1537
f 1409 1542 1538
f 1542 1434 1544
f 1538 1544 1433
f 1542 1544 1538
f 1401 1458 1521
f 1458 1414 1523
f 1521 1523 1430
f 1458 1523 1521
f 1414 1457 1520
f 1457 1397 1518
f 1520 1518 1429
f 1457 1518 1520
f 1430 1525 1522
f 1525 1429 1519
f 1522 1519 1405
f 1525 1519 1522
f 1414 1520 1523
f 1520 1429 1525
f 1523 1525 1430
f 1520 1525 1523
f 1403 1480 1485
f 1480 1421 1489
f 1485 1489 1422
f 1480 1489 1485
f 1421 1479 1482
f 1479 1401 1471
f 1482 1471 1418
f 1479 1471 1482
f 1422 1487 1484
f 1487 1418 1472
f 1484 1472 1402
f 1487 1472 1484
f 1421 1482 1489
f 1482 1418 1487
f 1489 1487 1422
f 1482 1487 1489
f 1404 1510 1491
f 1510 1427 1513
f 1491 1513 1423
f 1510 1513 1491
f 1427 1509 1511
f 1509 1403 1474
f 1511 1474 1419
f 1509 1474 1511
f 1423 1493 1490
f 1493 1419 1473
f 1490 1473 1396
f 1493 1473 1490
f 1427 1511 1513
f 1511 1419 1493
f 1513 1493 1423
f 1511 1493 1513

